-- SQL schema and sample data generated
-- Generated at 2025-11-16T09:04:10.975966 UTC
DROP DATABASE IF EXISTS CTE_DB;
CREATE DATABASE IF NOT EXISTS CTE_DB;
USE CTE_DB;

CREATE TABLE customers (
  customer_id INT PRIMARY KEY,
  name VARCHAR(100),
  email VARCHAR(150),
  created_at DATETIME
);

CREATE TABLE products (
  prod_id INT PRIMARY KEY,
  sku VARCHAR(50),
  name VARCHAR(150),
  updated_at DATETIME
);

CREATE TABLE employees (
  emp_id INT PRIMARY KEY,
  name VARCHAR(100),
  manager_id INT NULL
);

CREATE TABLE orders (
  order_id INT PRIMARY KEY,
  customer_id INT,
  order_date DATE,
  amount DECIMAL(10,2)
);

CREATE TABLE visits (
  visit_id INT PRIMARY KEY,
  patient_id INT,
  visit_date DATE
);

CREATE TABLE sales (
  sale_id INT PRIMARY KEY,
  product_id INT,
  store_id INT,
  sale_date DATE,
  amount DECIMAL(10,2)
);

CREATE TABLE events (
  event_id INT PRIMARY KEY,
  user_id INT,
  event_time DATETIME,
  event_type VARCHAR(50)
);

CREATE TABLE metrics (
  id INT PRIMARY KEY,
  entity_id INT,
  ts DATE,
  value DECIMAL(12,2),
  x DECIMAL(10,2),
  y DECIMAL(10,2)
);

CREATE TABLE user_activity (
  id INT PRIMARY KEY,
  user_id INT,
  activity_date DATE
);

CREATE TABLE tickets (
  ticket_id INT PRIMARY KEY,
  created_at DATETIME
);

CREATE TABLE responses (
  response_id INT PRIMARY KEY,
  ticket_id INT,
  responder_id INT,
  responded_at DATETIME
);

CREATE TABLE snapshot_old (
  id INT PRIMARY KEY,
  col1 VARCHAR(200),
  col2 INT,
  updated_at DATETIME
);

CREATE TABLE snapshot_new (
  id INT PRIMARY KEY,
  col1 VARCHAR(200),
  col2 INT,
  updated_at DATETIME
);

CREATE TABLE holidays (
  holiday_date DATE,
  description VARCHAR(200)
);

-- Inserts for customers
INSERT INTO customers (customer_id, name, email, created_at) VALUES (1, 'Customer_001', 'cust001@example.com', '2023-12-26 13:07:22');
INSERT INTO customers (customer_id, name, email, created_at) VALUES (2, 'Customer_002', 'cust002@example.com', '2020-07-16 19:04:58');
INSERT INTO customers (customer_id, name, email, created_at) VALUES (3, 'Customer_003', 'cust003@example.com', '2021-10-09 17:11:46');
INSERT INTO customers (customer_id, name, email, created_at) VALUES (4, 'Customer_004', 'cust004@example.com', '2021-03-07 12:48:04');
INSERT INTO customers (customer_id, name, email, created_at) VALUES (5, 'Customer_005', 'cust005@example.com', '2024-03-12 04:55:32');
INSERT INTO customers (customer_id, name, email, created_at) VALUES (6, 'Customer_006', 'cust006@example.com', '2020-11-21 06:34:07');
INSERT INTO customers (customer_id, name, email, created_at) VALUES (7, 'Customer_007', 'cust007@example.com', '2022-10-07 10:13:35');
INSERT INTO customers (customer_id, name, email, created_at) VALUES (8, 'Customer_008', 'cust008@example.com', '2020-07-26 12:28:50');
INSERT INTO customers (customer_id, name, email, created_at) VALUES (9, 'Customer_009', 'cust009@example.com', '2021-08-16 17:32:25');
INSERT INTO customers (customer_id, name, email, created_at) VALUES (10, 'Customer_010', 'cust010@example.com', '2023-03-27 06:59:17');
INSERT INTO customers (customer_id, name, email, created_at) VALUES (11, 'Customer_011', 'cust011@example.com', '2020-07-20 05:30:13');
INSERT INTO customers (customer_id, name, email, created_at) VALUES (12, 'Customer_012', 'cust012@example.com', '2021-07-08 08:43:51');
INSERT INTO customers (customer_id, name, email, created_at) VALUES (13, 'Customer_013', 'cust013@example.com', '2024-05-02 04:54:36');
INSERT INTO customers (customer_id, name, email, created_at) VALUES (14, 'Customer_014', 'cust014@example.com', '2022-10-02 17:05:43');
INSERT INTO customers (customer_id, name, email, created_at) VALUES (15, 'Customer_015', 'cust015@example.com', '2022-12-02 06:31:26');
INSERT INTO customers (customer_id, name, email, created_at) VALUES (16, 'Customer_016', 'cust016@example.com', '2021-12-16 09:18:21');
INSERT INTO customers (customer_id, name, email, created_at) VALUES (17, 'Customer_017', 'cust017@example.com', '2024-08-27 14:52:56');
INSERT INTO customers (customer_id, name, email, created_at) VALUES (18, 'Customer_018', 'cust018@example.com', '2024-04-25 00:27:22');
INSERT INTO customers (customer_id, name, email, created_at) VALUES (19, 'Customer_019', 'cust019@example.com', '2022-04-22 19:11:11');
INSERT INTO customers (customer_id, name, email, created_at) VALUES (20, 'Customer_020', 'cust020@example.com', '2021-04-09 16:54:31');
INSERT INTO customers (customer_id, name, email, created_at) VALUES (21, 'Customer_021', 'cust021@example.com', '2025-10-07 21:19:28');
INSERT INTO customers (customer_id, name, email, created_at) VALUES (22, 'Customer_022', 'cust022@example.com', '2020-12-21 12:26:46');
INSERT INTO customers (customer_id, name, email, created_at) VALUES (23, 'Customer_023', 'cust023@example.com', '2022-07-13 12:35:26');
INSERT INTO customers (customer_id, name, email, created_at) VALUES (24, 'Customer_024', 'cust024@example.com', '2022-05-31 21:35:32');
INSERT INTO customers (customer_id, name, email, created_at) VALUES (25, 'Customer_025', 'cust025@example.com', '2023-10-14 18:42:01');
INSERT INTO customers (customer_id, name, email, created_at) VALUES (26, 'Customer_026', 'cust026@example.com', '2024-12-03 10:39:05');
INSERT INTO customers (customer_id, name, email, created_at) VALUES (27, 'Customer_027', 'cust027@example.com', '2024-06-29 01:47:47');
INSERT INTO customers (customer_id, name, email, created_at) VALUES (28, 'Customer_028', 'cust028@example.com', '2023-05-29 13:36:51');
INSERT INTO customers (customer_id, name, email, created_at) VALUES (29, 'Customer_029', 'cust029@example.com', '2025-11-08 22:51:05');
INSERT INTO customers (customer_id, name, email, created_at) VALUES (30, 'Customer_030', 'cust030@example.com', '2020-11-04 05:10:07');
INSERT INTO customers (customer_id, name, email, created_at) VALUES (31, 'Customer_031', 'cust031@example.com', '2022-01-17 07:57:27');
INSERT INTO customers (customer_id, name, email, created_at) VALUES (32, 'Customer_032', 'cust032@example.com', '2023-11-13 22:14:10');
INSERT INTO customers (customer_id, name, email, created_at) VALUES (33, 'Customer_033', 'cust033@example.com', '2023-08-21 16:04:13');
INSERT INTO customers (customer_id, name, email, created_at) VALUES (34, 'Customer_034', 'cust034@example.com', '2024-05-07 11:36:06');
INSERT INTO customers (customer_id, name, email, created_at) VALUES (35, 'Customer_035', 'cust035@example.com', '2020-08-27 17:22:01');
INSERT INTO customers (customer_id, name, email, created_at) VALUES (36, 'Customer_036', 'cust036@example.com', '2024-09-25 19:36:20');
INSERT INTO customers (customer_id, name, email, created_at) VALUES (37, 'Customer_037', 'cust037@example.com', '2020-11-05 17:32:42');
INSERT INTO customers (customer_id, name, email, created_at) VALUES (38, 'Customer_038', 'cust038@example.com', '2025-04-04 12:44:48');
INSERT INTO customers (customer_id, name, email, created_at) VALUES (39, 'Customer_039', 'cust039@example.com', '2022-07-13 19:11:24');
INSERT INTO customers (customer_id, name, email, created_at) VALUES (40, 'Customer_040', 'cust040@example.com', '2022-12-11 08:12:50');
INSERT INTO customers (customer_id, name, email, created_at) VALUES (41, 'Customer_041', 'cust041@example.com', '2025-01-28 22:21:09');
INSERT INTO customers (customer_id, name, email, created_at) VALUES (42, 'Customer_042', 'cust042@example.com', '2021-04-24 22:32:50');
INSERT INTO customers (customer_id, name, email, created_at) VALUES (43, 'Customer_043', 'cust043@example.com', '2022-05-23 16:41:50');
INSERT INTO customers (customer_id, name, email, created_at) VALUES (44, 'Customer_044', 'cust044@example.com', '2024-02-27 18:47:23');
INSERT INTO customers (customer_id, name, email, created_at) VALUES (45, 'Customer_045', 'cust045@example.com', '2024-05-03 08:39:49');
INSERT INTO customers (customer_id, name, email, created_at) VALUES (46, 'Customer_046', 'cust046@example.com', '2020-10-20 07:14:50');
INSERT INTO customers (customer_id, name, email, created_at) VALUES (47, 'Customer_047', 'cust047@example.com', '2023-12-17 15:18:01');
INSERT INTO customers (customer_id, name, email, created_at) VALUES (48, 'Customer_048', 'cust048@example.com', '2023-05-24 17:58:57');
INSERT INTO customers (customer_id, name, email, created_at) VALUES (49, 'Customer_049', 'cust049@example.com', '2021-04-26 01:53:59');
INSERT INTO customers (customer_id, name, email, created_at) VALUES (50, 'Customer_050', 'cust050@example.com', '2022-07-12 18:53:52');
INSERT INTO customers (customer_id, name, email, created_at) VALUES (51, 'Customer_051', 'cust051@example.com', '2025-08-04 08:22:16');
INSERT INTO customers (customer_id, name, email, created_at) VALUES (52, 'Customer_052', 'cust052@example.com', '2024-04-05 05:20:50');
INSERT INTO customers (customer_id, name, email, created_at) VALUES (53, 'Customer_053', 'cust053@example.com', '2021-08-18 20:52:34');
INSERT INTO customers (customer_id, name, email, created_at) VALUES (54, 'Customer_054', 'cust054@example.com', '2025-02-15 11:06:21');
INSERT INTO customers (customer_id, name, email, created_at) VALUES (55, 'Customer_055', 'cust055@example.com', '2021-09-07 10:14:17');
INSERT INTO customers (customer_id, name, email, created_at) VALUES (56, 'Customer_056', 'cust056@example.com', '2024-11-29 20:33:17');
INSERT INTO customers (customer_id, name, email, created_at) VALUES (57, 'Customer_057', 'cust057@example.com', '2022-08-25 18:49:03');
INSERT INTO customers (customer_id, name, email, created_at) VALUES (58, 'Customer_058', 'cust058@example.com', '2020-10-08 16:45:03');
INSERT INTO customers (customer_id, name, email, created_at) VALUES (59, 'Customer_059', 'cust059@example.com', '2025-07-10 05:43:11');
INSERT INTO customers (customer_id, name, email, created_at) VALUES (60, 'Customer_060', 'cust060@example.com', '2025-04-24 20:31:35');
INSERT INTO customers (customer_id, name, email, created_at) VALUES (61, 'Customer_061', 'cust061@example.com', '2021-08-05 08:55:59');
INSERT INTO customers (customer_id, name, email, created_at) VALUES (62, 'Customer_062', 'cust062@example.com', '2023-03-14 23:28:26');
INSERT INTO customers (customer_id, name, email, created_at) VALUES (63, 'Customer_063', 'cust063@example.com', '2025-05-12 08:28:29');
INSERT INTO customers (customer_id, name, email, created_at) VALUES (64, 'Customer_064', 'cust064@example.com', '2022-12-21 14:16:16');
INSERT INTO customers (customer_id, name, email, created_at) VALUES (65, 'Customer_065', 'cust065@example.com', '2021-11-19 14:09:11');
INSERT INTO customers (customer_id, name, email, created_at) VALUES (66, 'Customer_066', 'cust066@example.com', '2021-10-14 05:30:29');
INSERT INTO customers (customer_id, name, email, created_at) VALUES (67, 'Customer_067', 'cust067@example.com', '2023-06-03 18:38:08');
INSERT INTO customers (customer_id, name, email, created_at) VALUES (68, 'Customer_068', 'cust068@example.com', '2024-08-03 06:21:12');
INSERT INTO customers (customer_id, name, email, created_at) VALUES (69, 'Customer_069', 'cust069@example.com', '2022-10-21 06:18:54');
INSERT INTO customers (customer_id, name, email, created_at) VALUES (70, 'Customer_070', 'cust070@example.com', '2022-08-21 22:14:57');
INSERT INTO customers (customer_id, name, email, created_at) VALUES (71, 'Customer_071', 'cust071@example.com', '2021-08-18 14:06:21');
INSERT INTO customers (customer_id, name, email, created_at) VALUES (72, 'Customer_072', 'cust072@example.com', '2023-04-05 03:02:16');
INSERT INTO customers (customer_id, name, email, created_at) VALUES (73, 'Customer_073', 'cust073@example.com', '2020-11-28 10:47:05');
INSERT INTO customers (customer_id, name, email, created_at) VALUES (74, 'Customer_074', 'cust074@example.com', '2025-03-24 13:03:41');
INSERT INTO customers (customer_id, name, email, created_at) VALUES (75, 'Customer_075', 'cust075@example.com', '2021-04-05 07:54:50');
INSERT INTO customers (customer_id, name, email, created_at) VALUES (76, 'Customer_076', 'cust076@example.com', '2021-04-19 00:26:23');
INSERT INTO customers (customer_id, name, email, created_at) VALUES (77, 'Customer_077', 'cust077@example.com', '2023-09-29 11:22:56');
INSERT INTO customers (customer_id, name, email, created_at) VALUES (78, 'Customer_078', 'cust078@example.com', '2022-07-23 22:57:49');
INSERT INTO customers (customer_id, name, email, created_at) VALUES (79, 'Customer_079', 'cust079@example.com', '2023-09-29 02:06:38');
INSERT INTO customers (customer_id, name, email, created_at) VALUES (80, 'Customer_080', 'cust080@example.com', '2023-05-14 18:13:23');
INSERT INTO customers (customer_id, name, email, created_at) VALUES (81, 'Customer_081', 'cust081@example.com', '2025-11-05 05:12:42');
INSERT INTO customers (customer_id, name, email, created_at) VALUES (82, 'Customer_082', 'cust082@example.com', '2025-03-23 09:29:14');
INSERT INTO customers (customer_id, name, email, created_at) VALUES (83, 'Customer_083', 'cust083@example.com', '2024-03-19 13:14:24');
INSERT INTO customers (customer_id, name, email, created_at) VALUES (84, 'Customer_084', 'cust084@example.com', '2024-03-23 04:37:11');
INSERT INTO customers (customer_id, name, email, created_at) VALUES (85, 'Customer_085', 'cust085@example.com', '2024-08-10 18:47:03');
INSERT INTO customers (customer_id, name, email, created_at) VALUES (86, 'Customer_086', 'cust086@example.com', '2024-09-17 08:24:22');
INSERT INTO customers (customer_id, name, email, created_at) VALUES (87, 'Customer_087', 'cust087@example.com', '2022-04-22 13:07:51');
INSERT INTO customers (customer_id, name, email, created_at) VALUES (88, 'Customer_088', 'cust088@example.com', '2022-01-18 00:53:55');
INSERT INTO customers (customer_id, name, email, created_at) VALUES (89, 'Customer_089', 'cust089@example.com', '2021-04-15 01:35:20');
INSERT INTO customers (customer_id, name, email, created_at) VALUES (90, 'Customer_090', 'cust090@example.com', '2020-06-01 18:39:32');
INSERT INTO customers (customer_id, name, email, created_at) VALUES (91, 'Customer_091', 'cust091@example.com', '2025-11-07 03:17:42');
INSERT INTO customers (customer_id, name, email, created_at) VALUES (92, 'Customer_092', 'cust092@example.com', '2024-09-02 15:34:26');
INSERT INTO customers (customer_id, name, email, created_at) VALUES (93, 'Customer_093', 'cust093@example.com', '2023-03-31 12:56:37');
INSERT INTO customers (customer_id, name, email, created_at) VALUES (94, 'Customer_094', 'cust094@example.com', '2025-04-13 07:50:09');
INSERT INTO customers (customer_id, name, email, created_at) VALUES (95, 'Customer_095', 'cust095@example.com', '2022-01-28 08:19:58');
INSERT INTO customers (customer_id, name, email, created_at) VALUES (96, 'Customer_096', 'cust096@example.com', '2023-04-01 07:14:28');
INSERT INTO customers (customer_id, name, email, created_at) VALUES (97, 'Customer_097', 'cust097@example.com', '2021-07-07 14:38:02');
INSERT INTO customers (customer_id, name, email, created_at) VALUES (98, 'Customer_098', 'cust098@example.com', '2022-06-30 14:57:04');
INSERT INTO customers (customer_id, name, email, created_at) VALUES (99, 'Customer_099', 'cust099@example.com', '2023-06-05 04:22:44');
INSERT INTO customers (customer_id, name, email, created_at) VALUES (100, 'Customer_100', 'cust100@example.com', '2025-07-20 09:05:24');

-- Inserts for products
INSERT INTO products (prod_id, sku, name, updated_at) VALUES (1, 'SKU00001', 'Product_001', '2025-05-13 20:52:17');
INSERT INTO products (prod_id, sku, name, updated_at) VALUES (2, 'SKU00002', 'Product_002', '2025-01-20 09:46:42');
INSERT INTO products (prod_id, sku, name, updated_at) VALUES (3, 'SKU00003', 'Product_003', '2023-12-31 22:17:06');
INSERT INTO products (prod_id, sku, name, updated_at) VALUES (4, 'SKU00004', 'Product_004', '2024-07-18 17:47:15');
INSERT INTO products (prod_id, sku, name, updated_at) VALUES (5, 'SKU00005', 'Product_005', '2023-11-06 17:50:21');
INSERT INTO products (prod_id, sku, name, updated_at) VALUES (6, 'SKU00006', 'Product_006', '2025-04-10 11:56:12');
INSERT INTO products (prod_id, sku, name, updated_at) VALUES (7, 'SKU00007', 'Product_007', '2023-12-05 02:45:49');
INSERT INTO products (prod_id, sku, name, updated_at) VALUES (8, 'SKU00008', 'Product_008', '2023-11-18 04:27:52');
INSERT INTO products (prod_id, sku, name, updated_at) VALUES (9, 'SKU00009', 'Product_009', '2025-10-31 13:38:53');
INSERT INTO products (prod_id, sku, name, updated_at) VALUES (10, 'SKU00010', 'Product_010', '2024-01-18 02:22:26');
INSERT INTO products (prod_id, sku, name, updated_at) VALUES (11, 'SKU00011', 'Product_011', '2025-03-23 15:04:53');
INSERT INTO products (prod_id, sku, name, updated_at) VALUES (12, 'SKU00012', 'Product_012', '2024-06-06 04:16:53');
INSERT INTO products (prod_id, sku, name, updated_at) VALUES (13, 'SKU00013', 'Product_013', '2025-05-22 00:28:31');
INSERT INTO products (prod_id, sku, name, updated_at) VALUES (14, 'SKU00014', 'Product_014', '2024-04-12 04:42:16');
INSERT INTO products (prod_id, sku, name, updated_at) VALUES (15, 'SKU00015', 'Product_015', '2025-10-20 16:23:35');
INSERT INTO products (prod_id, sku, name, updated_at) VALUES (16, 'SKU00016', 'Product_016', '2025-09-07 20:25:07');
INSERT INTO products (prod_id, sku, name, updated_at) VALUES (17, 'SKU00017', 'Product_017', '2024-10-21 08:43:50');
INSERT INTO products (prod_id, sku, name, updated_at) VALUES (18, 'SKU00018', 'Product_018', '2024-09-25 01:01:12');
INSERT INTO products (prod_id, sku, name, updated_at) VALUES (19, 'SKU00019', 'Product_019', '2025-02-19 01:30:27');
INSERT INTO products (prod_id, sku, name, updated_at) VALUES (20, 'SKU00020', 'Product_020', '2024-01-09 18:05:43');
INSERT INTO products (prod_id, sku, name, updated_at) VALUES (21, 'SKU00021', 'Product_021', '2024-04-25 11:24:02');
INSERT INTO products (prod_id, sku, name, updated_at) VALUES (22, 'SKU00022', 'Product_022', '2024-08-19 09:50:07');
INSERT INTO products (prod_id, sku, name, updated_at) VALUES (23, 'SKU00023', 'Product_023', '2025-05-03 05:14:13');
INSERT INTO products (prod_id, sku, name, updated_at) VALUES (24, 'SKU00024', 'Product_024', '2024-05-01 06:29:38');
INSERT INTO products (prod_id, sku, name, updated_at) VALUES (25, 'SKU00025', 'Product_025', '2024-04-20 09:19:52');
INSERT INTO products (prod_id, sku, name, updated_at) VALUES (26, 'SKU00026', 'Product_026', '2023-11-20 08:02:49');
INSERT INTO products (prod_id, sku, name, updated_at) VALUES (27, 'SKU00027', 'Product_027', '2023-11-07 17:24:17');
INSERT INTO products (prod_id, sku, name, updated_at) VALUES (28, 'SKU00028', 'Product_028', '2023-11-16 10:12:47');
INSERT INTO products (prod_id, sku, name, updated_at) VALUES (29, 'SKU00029', 'Product_029', '2024-08-11 11:38:57');
INSERT INTO products (prod_id, sku, name, updated_at) VALUES (30, 'SKU00030', 'Product_030', '2025-02-15 17:44:05');
INSERT INTO products (prod_id, sku, name, updated_at) VALUES (31, 'SKU00031', 'Product_031', '2024-06-20 02:44:34');
INSERT INTO products (prod_id, sku, name, updated_at) VALUES (32, 'SKU00032', 'Product_032', '2024-04-15 04:42:08');
INSERT INTO products (prod_id, sku, name, updated_at) VALUES (33, 'SKU00033', 'Product_033', '2024-01-22 05:51:37');
INSERT INTO products (prod_id, sku, name, updated_at) VALUES (34, 'SKU00034', 'Product_034', '2025-04-21 02:16:43');
INSERT INTO products (prod_id, sku, name, updated_at) VALUES (35, 'SKU00035', 'Product_035', '2024-05-14 02:17:23');
INSERT INTO products (prod_id, sku, name, updated_at) VALUES (36, 'SKU00036', 'Product_036', '2024-10-28 16:00:07');
INSERT INTO products (prod_id, sku, name, updated_at) VALUES (37, 'SKU00037', 'Product_037', '2023-12-13 12:35:54');
INSERT INTO products (prod_id, sku, name, updated_at) VALUES (38, 'SKU00038', 'Product_038', '2025-07-14 00:45:48');
INSERT INTO products (prod_id, sku, name, updated_at) VALUES (39, 'SKU00039', 'Product_039', '2024-09-05 00:29:29');
INSERT INTO products (prod_id, sku, name, updated_at) VALUES (40, 'SKU00040', 'Product_040', '2024-11-02 02:04:23');
INSERT INTO products (prod_id, sku, name, updated_at) VALUES (41, 'SKU00041', 'Product_041', '2025-09-23 11:02:30');
INSERT INTO products (prod_id, sku, name, updated_at) VALUES (42, 'SKU00042', 'Product_042', '2025-07-29 08:51:39');
INSERT INTO products (prod_id, sku, name, updated_at) VALUES (43, 'SKU00043', 'Product_043', '2025-06-30 12:39:09');
INSERT INTO products (prod_id, sku, name, updated_at) VALUES (44, 'SKU00044', 'Product_044', '2023-11-09 23:43:42');
INSERT INTO products (prod_id, sku, name, updated_at) VALUES (45, 'SKU00045', 'Product_045', '2025-09-22 21:25:23');
INSERT INTO products (prod_id, sku, name, updated_at) VALUES (46, 'SKU00046', 'Product_046', '2023-12-28 18:07:21');
INSERT INTO products (prod_id, sku, name, updated_at) VALUES (47, 'SKU00047', 'Product_047', '2024-03-22 15:59:41');
INSERT INTO products (prod_id, sku, name, updated_at) VALUES (48, 'SKU00048', 'Product_048', '2025-03-11 01:24:10');
INSERT INTO products (prod_id, sku, name, updated_at) VALUES (49, 'SKU00049', 'Product_049', '2024-01-30 00:25:46');
INSERT INTO products (prod_id, sku, name, updated_at) VALUES (50, 'SKU00050', 'Product_050', '2024-03-13 19:12:39');
INSERT INTO products (prod_id, sku, name, updated_at) VALUES (51, 'SKU00051', 'Product_051', '2024-12-24 18:09:52');
INSERT INTO products (prod_id, sku, name, updated_at) VALUES (52, 'SKU00052', 'Product_052', '2023-11-25 01:12:12');
INSERT INTO products (prod_id, sku, name, updated_at) VALUES (53, 'SKU00053', 'Product_053', '2025-03-24 12:38:03');
INSERT INTO products (prod_id, sku, name, updated_at) VALUES (54, 'SKU00054', 'Product_054', '2023-10-30 08:48:47');
INSERT INTO products (prod_id, sku, name, updated_at) VALUES (55, 'SKU00055', 'Product_055', '2025-03-14 09:36:24');
INSERT INTO products (prod_id, sku, name, updated_at) VALUES (56, 'SKU00056', 'Product_056', '2023-12-12 17:40:32');
INSERT INTO products (prod_id, sku, name, updated_at) VALUES (57, 'SKU00057', 'Product_057', '2024-02-25 23:51:59');
INSERT INTO products (prod_id, sku, name, updated_at) VALUES (58, 'SKU00058', 'Product_058', '2025-01-18 02:35:42');
INSERT INTO products (prod_id, sku, name, updated_at) VALUES (59, 'SKU00059', 'Product_059', '2024-04-13 23:40:15');
INSERT INTO products (prod_id, sku, name, updated_at) VALUES (60, 'SKU00060', 'Product_060', '2023-11-07 15:03:49');
INSERT INTO products (prod_id, sku, name, updated_at) VALUES (61, 'SKU00061', 'Product_061', '2024-09-30 09:08:52');
INSERT INTO products (prod_id, sku, name, updated_at) VALUES (62, 'SKU00062', 'Product_062', '2024-10-11 18:43:30');
INSERT INTO products (prod_id, sku, name, updated_at) VALUES (63, 'SKU00063', 'Product_063', '2024-12-16 19:27:18');
INSERT INTO products (prod_id, sku, name, updated_at) VALUES (64, 'SKU00064', 'Product_064', '2024-11-15 05:18:15');
INSERT INTO products (prod_id, sku, name, updated_at) VALUES (65, 'SKU00065', 'Product_065', '2025-07-17 02:47:18');
INSERT INTO products (prod_id, sku, name, updated_at) VALUES (66, 'SKU00066', 'Product_066', '2024-02-13 15:59:00');
INSERT INTO products (prod_id, sku, name, updated_at) VALUES (67, 'SKU00067', 'Product_067', '2024-07-07 16:59:44');
INSERT INTO products (prod_id, sku, name, updated_at) VALUES (68, 'SKU00068', 'Product_068', '2023-11-07 06:09:24');
INSERT INTO products (prod_id, sku, name, updated_at) VALUES (69, 'SKU00069', 'Product_069', '2025-10-01 04:48:36');
INSERT INTO products (prod_id, sku, name, updated_at) VALUES (70, 'SKU00070', 'Product_070', '2023-11-09 20:29:14');
INSERT INTO products (prod_id, sku, name, updated_at) VALUES (71, 'SKU00071', 'Product_071', '2023-11-05 10:53:42');
INSERT INTO products (prod_id, sku, name, updated_at) VALUES (72, 'SKU00072', 'Product_072', '2025-04-29 02:25:43');
INSERT INTO products (prod_id, sku, name, updated_at) VALUES (73, 'SKU00073', 'Product_073', '2025-02-04 04:24:25');
INSERT INTO products (prod_id, sku, name, updated_at) VALUES (74, 'SKU00074', 'Product_074', '2024-02-16 11:08:25');
INSERT INTO products (prod_id, sku, name, updated_at) VALUES (75, 'SKU00075', 'Product_075', '2025-02-09 11:59:10');
INSERT INTO products (prod_id, sku, name, updated_at) VALUES (76, 'SKU00076', 'Product_076', '2024-03-16 11:33:51');
INSERT INTO products (prod_id, sku, name, updated_at) VALUES (77, 'SKU00077', 'Product_077', '2025-05-09 11:32:37');
INSERT INTO products (prod_id, sku, name, updated_at) VALUES (78, 'SKU00078', 'Product_078', '2025-07-30 17:37:58');
INSERT INTO products (prod_id, sku, name, updated_at) VALUES (79, 'SKU00079', 'Product_079', '2024-10-25 13:26:03');
INSERT INTO products (prod_id, sku, name, updated_at) VALUES (80, 'SKU00080', 'Product_080', '2025-04-13 18:02:01');
INSERT INTO products (prod_id, sku, name, updated_at) VALUES (81, 'SKU00081', 'Product_081', '2025-04-23 06:42:54');
INSERT INTO products (prod_id, sku, name, updated_at) VALUES (82, 'SKU00082', 'Product_082', '2023-10-19 07:37:13');
INSERT INTO products (prod_id, sku, name, updated_at) VALUES (83, 'SKU00083', 'Product_083', '2023-12-01 00:19:58');
INSERT INTO products (prod_id, sku, name, updated_at) VALUES (84, 'SKU00084', 'Product_084', '2025-07-13 06:19:13');
INSERT INTO products (prod_id, sku, name, updated_at) VALUES (85, 'SKU00085', 'Product_085', '2025-04-09 04:06:12');
INSERT INTO products (prod_id, sku, name, updated_at) VALUES (86, 'SKU00086', 'Product_086', '2024-07-27 18:33:49');
INSERT INTO products (prod_id, sku, name, updated_at) VALUES (87, 'SKU00087', 'Product_087', '2024-04-04 20:30:30');
INSERT INTO products (prod_id, sku, name, updated_at) VALUES (88, 'SKU00088', 'Product_088', '2024-05-09 18:44:24');
INSERT INTO products (prod_id, sku, name, updated_at) VALUES (89, 'SKU00089', 'Product_089', '2024-10-17 13:50:04');
INSERT INTO products (prod_id, sku, name, updated_at) VALUES (90, 'SKU00090', 'Product_090', '2025-07-27 08:34:17');
INSERT INTO products (prod_id, sku, name, updated_at) VALUES (91, 'SKU00091', 'Product_091', '2024-07-12 01:42:59');
INSERT INTO products (prod_id, sku, name, updated_at) VALUES (92, 'SKU00092', 'Product_092', '2024-07-27 11:42:38');
INSERT INTO products (prod_id, sku, name, updated_at) VALUES (93, 'SKU00093', 'Product_093', '2023-09-18 01:45:18');
INSERT INTO products (prod_id, sku, name, updated_at) VALUES (94, 'SKU00094', 'Product_094', '2025-06-06 05:34:02');
INSERT INTO products (prod_id, sku, name, updated_at) VALUES (95, 'SKU00095', 'Product_095', '2023-12-19 11:44:12');
INSERT INTO products (prod_id, sku, name, updated_at) VALUES (96, 'SKU00096', 'Product_096', '2025-03-11 16:49:48');
INSERT INTO products (prod_id, sku, name, updated_at) VALUES (97, 'SKU00097', 'Product_097', '2025-02-07 18:43:30');
INSERT INTO products (prod_id, sku, name, updated_at) VALUES (98, 'SKU00098', 'Product_098', '2024-01-21 21:46:35');
INSERT INTO products (prod_id, sku, name, updated_at) VALUES (99, 'SKU00099', 'Product_099', '2023-11-17 17:57:48');
INSERT INTO products (prod_id, sku, name, updated_at) VALUES (100, 'SKU00100', 'Product_100', '2024-09-20 19:26:43');

-- Inserts for employees
INSERT INTO employees (emp_id, name, manager_id) VALUES (1, 'Emp_001', NULL);
INSERT INTO employees (emp_id, name, manager_id) VALUES (2, 'Emp_002', 1);
INSERT INTO employees (emp_id, name, manager_id) VALUES (3, 'Emp_003', NULL);
INSERT INTO employees (emp_id, name, manager_id) VALUES (4, 'Emp_004', NULL);
INSERT INTO employees (emp_id, name, manager_id) VALUES (5, 'Emp_005', NULL);
INSERT INTO employees (emp_id, name, manager_id) VALUES (6, 'Emp_006', NULL);
INSERT INTO employees (emp_id, name, manager_id) VALUES (7, 'Emp_007', NULL);
INSERT INTO employees (emp_id, name, manager_id) VALUES (8, 'Emp_008', 7);
INSERT INTO employees (emp_id, name, manager_id) VALUES (9, 'Emp_009', NULL);
INSERT INTO employees (emp_id, name, manager_id) VALUES (10, 'Emp_010', 9);
INSERT INTO employees (emp_id, name, manager_id) VALUES (11, 'Emp_011', NULL);
INSERT INTO employees (emp_id, name, manager_id) VALUES (12, 'Emp_012', NULL);
INSERT INTO employees (emp_id, name, manager_id) VALUES (13, 'Emp_013', 12);
INSERT INTO employees (emp_id, name, manager_id) VALUES (14, 'Emp_014', 13);
INSERT INTO employees (emp_id, name, manager_id) VALUES (15, 'Emp_015', 14);
INSERT INTO employees (emp_id, name, manager_id) VALUES (16, 'Emp_016', 15);
INSERT INTO employees (emp_id, name, manager_id) VALUES (17, 'Emp_017', 16);
INSERT INTO employees (emp_id, name, manager_id) VALUES (18, 'Emp_018', NULL);
INSERT INTO employees (emp_id, name, manager_id) VALUES (19, 'Emp_019', NULL);
INSERT INTO employees (emp_id, name, manager_id) VALUES (20, 'Emp_020', 19);
INSERT INTO employees (emp_id, name, manager_id) VALUES (21, 'Emp_021', NULL);
INSERT INTO employees (emp_id, name, manager_id) VALUES (22, 'Emp_022', 21);
INSERT INTO employees (emp_id, name, manager_id) VALUES (23, 'Emp_023', 22);
INSERT INTO employees (emp_id, name, manager_id) VALUES (24, 'Emp_024', NULL);
INSERT INTO employees (emp_id, name, manager_id) VALUES (25, 'Emp_025', NULL);
INSERT INTO employees (emp_id, name, manager_id) VALUES (26, 'Emp_026', 25);
INSERT INTO employees (emp_id, name, manager_id) VALUES (27, 'Emp_027', 26);
INSERT INTO employees (emp_id, name, manager_id) VALUES (28, 'Emp_028', 27);
INSERT INTO employees (emp_id, name, manager_id) VALUES (29, 'Emp_029', 28);
INSERT INTO employees (emp_id, name, manager_id) VALUES (30, 'Emp_030', NULL);
INSERT INTO employees (emp_id, name, manager_id) VALUES (31, 'Emp_031', NULL);
INSERT INTO employees (emp_id, name, manager_id) VALUES (32, 'Emp_032', 31);
INSERT INTO employees (emp_id, name, manager_id) VALUES (33, 'Emp_033', NULL);
INSERT INTO employees (emp_id, name, manager_id) VALUES (34, 'Emp_034', 33);
INSERT INTO employees (emp_id, name, manager_id) VALUES (35, 'Emp_035', 34);
INSERT INTO employees (emp_id, name, manager_id) VALUES (36, 'Emp_036', 35);
INSERT INTO employees (emp_id, name, manager_id) VALUES (37, 'Emp_037', 36);
INSERT INTO employees (emp_id, name, manager_id) VALUES (38, 'Emp_038', NULL);
INSERT INTO employees (emp_id, name, manager_id) VALUES (39, 'Emp_039', NULL);
INSERT INTO employees (emp_id, name, manager_id) VALUES (40, 'Emp_040', 39);
INSERT INTO employees (emp_id, name, manager_id) VALUES (41, 'Emp_041', NULL);
INSERT INTO employees (emp_id, name, manager_id) VALUES (42, 'Emp_042', 41);
INSERT INTO employees (emp_id, name, manager_id) VALUES (43, 'Emp_043', 42);
INSERT INTO employees (emp_id, name, manager_id) VALUES (44, 'Emp_044', 43);
INSERT INTO employees (emp_id, name, manager_id) VALUES (45, 'Emp_045', 44);
INSERT INTO employees (emp_id, name, manager_id) VALUES (46, 'Emp_046', NULL);
INSERT INTO employees (emp_id, name, manager_id) VALUES (47, 'Emp_047', NULL);
INSERT INTO employees (emp_id, name, manager_id) VALUES (48, 'Emp_048', NULL);
INSERT INTO employees (emp_id, name, manager_id) VALUES (49, 'Emp_049', NULL);
INSERT INTO employees (emp_id, name, manager_id) VALUES (50, 'Emp_050', 49);
INSERT INTO employees (emp_id, name, manager_id) VALUES (51, 'Emp_051', 50);
INSERT INTO employees (emp_id, name, manager_id) VALUES (52, 'Emp_052', 51);
INSERT INTO employees (emp_id, name, manager_id) VALUES (53, 'Emp_053', NULL);
INSERT INTO employees (emp_id, name, manager_id) VALUES (54, 'Emp_054', NULL);
INSERT INTO employees (emp_id, name, manager_id) VALUES (55, 'Emp_055', 54);
INSERT INTO employees (emp_id, name, manager_id) VALUES (56, 'Emp_056', NULL);
INSERT INTO employees (emp_id, name, manager_id) VALUES (57, 'Emp_057', 56);
INSERT INTO employees (emp_id, name, manager_id) VALUES (58, 'Emp_058', NULL);
INSERT INTO employees (emp_id, name, manager_id) VALUES (59, 'Emp_059', NULL);
INSERT INTO employees (emp_id, name, manager_id) VALUES (60, 'Emp_060', NULL);
INSERT INTO employees (emp_id, name, manager_id) VALUES (61, 'Emp_061', NULL);
INSERT INTO employees (emp_id, name, manager_id) VALUES (62, 'Emp_062', NULL);
INSERT INTO employees (emp_id, name, manager_id) VALUES (63, 'Emp_063', 62);
INSERT INTO employees (emp_id, name, manager_id) VALUES (64, 'Emp_064', NULL);
INSERT INTO employees (emp_id, name, manager_id) VALUES (65, 'Emp_065', 64);
INSERT INTO employees (emp_id, name, manager_id) VALUES (66, 'Emp_066', NULL);
INSERT INTO employees (emp_id, name, manager_id) VALUES (67, 'Emp_067', NULL);
INSERT INTO employees (emp_id, name, manager_id) VALUES (68, 'Emp_068', NULL);
INSERT INTO employees (emp_id, name, manager_id) VALUES (69, 'Emp_069', NULL);
INSERT INTO employees (emp_id, name, manager_id) VALUES (70, 'Emp_070', 69);
INSERT INTO employees (emp_id, name, manager_id) VALUES (71, 'Emp_071', NULL);
INSERT INTO employees (emp_id, name, manager_id) VALUES (72, 'Emp_072', 71);
INSERT INTO employees (emp_id, name, manager_id) VALUES (73, 'Emp_073', NULL);
INSERT INTO employees (emp_id, name, manager_id) VALUES (74, 'Emp_074', NULL);
INSERT INTO employees (emp_id, name, manager_id) VALUES (75, 'Emp_075', 74);
INSERT INTO employees (emp_id, name, manager_id) VALUES (76, 'Emp_076', NULL);
INSERT INTO employees (emp_id, name, manager_id) VALUES (77, 'Emp_077', 76);
INSERT INTO employees (emp_id, name, manager_id) VALUES (78, 'Emp_078', 77);
INSERT INTO employees (emp_id, name, manager_id) VALUES (79, 'Emp_079', NULL);
INSERT INTO employees (emp_id, name, manager_id) VALUES (80, 'Emp_080', 79);
INSERT INTO employees (emp_id, name, manager_id) VALUES (81, 'Emp_081', 80);
INSERT INTO employees (emp_id, name, manager_id) VALUES (82, 'Emp_082', 81);
INSERT INTO employees (emp_id, name, manager_id) VALUES (83, 'Emp_083', 82);
INSERT INTO employees (emp_id, name, manager_id) VALUES (84, 'Emp_084', NULL);
INSERT INTO employees (emp_id, name, manager_id) VALUES (85, 'Emp_085', NULL);
INSERT INTO employees (emp_id, name, manager_id) VALUES (86, 'Emp_086', 85);
INSERT INTO employees (emp_id, name, manager_id) VALUES (87, 'Emp_087', NULL);
INSERT INTO employees (emp_id, name, manager_id) VALUES (88, 'Emp_088', 87);
INSERT INTO employees (emp_id, name, manager_id) VALUES (89, 'Emp_089', NULL);
INSERT INTO employees (emp_id, name, manager_id) VALUES (90, 'Emp_090', 89);
INSERT INTO employees (emp_id, name, manager_id) VALUES (91, 'Emp_091', NULL);
INSERT INTO employees (emp_id, name, manager_id) VALUES (92, 'Emp_092', 91);
INSERT INTO employees (emp_id, name, manager_id) VALUES (93, 'Emp_093', NULL);
INSERT INTO employees (emp_id, name, manager_id) VALUES (94, 'Emp_094', 93);
INSERT INTO employees (emp_id, name, manager_id) VALUES (95, 'Emp_095', NULL);
INSERT INTO employees (emp_id, name, manager_id) VALUES (96, 'Emp_096', 95);
INSERT INTO employees (emp_id, name, manager_id) VALUES (97, 'Emp_097', 96);
INSERT INTO employees (emp_id, name, manager_id) VALUES (98, 'Emp_098', 97);
INSERT INTO employees (emp_id, name, manager_id) VALUES (99, 'Emp_099', NULL);
INSERT INTO employees (emp_id, name, manager_id) VALUES (100, 'Emp_100', 99);

-- Inserts for orders
INSERT INTO orders (order_id, customer_id, order_date, amount) VALUES (1, 78, '2024-07-27', 776.54);
INSERT INTO orders (order_id, customer_id, order_date, amount) VALUES (2, 74, '2023-09-02', 98.33);
INSERT INTO orders (order_id, customer_id, order_date, amount) VALUES (3, 56, '2023-02-22', 1851.89);
INSERT INTO orders (order_id, customer_id, order_date, amount) VALUES (4, 69, '2025-01-23', 734.8);
INSERT INTO orders (order_id, customer_id, order_date, amount) VALUES (5, 9, '2025-10-18', 1250.08);
INSERT INTO orders (order_id, customer_id, order_date, amount) VALUES (6, 85, '2025-07-07', 1442.31);
INSERT INTO orders (order_id, customer_id, order_date, amount) VALUES (7, 39, '2024-07-23', 1337.12);
INSERT INTO orders (order_id, customer_id, order_date, amount) VALUES (8, 42, '2024-04-07', 1113.28);
INSERT INTO orders (order_id, customer_id, order_date, amount) VALUES (9, 25, '2024-04-25', 1357.86);
INSERT INTO orders (order_id, customer_id, order_date, amount) VALUES (10, 23, '2024-11-12', 608.89);
INSERT INTO orders (order_id, customer_id, order_date, amount) VALUES (11, 71, '2025-06-22', 614.71);
INSERT INTO orders (order_id, customer_id, order_date, amount) VALUES (12, 27, '2024-05-06', 1217.26);
INSERT INTO orders (order_id, customer_id, order_date, amount) VALUES (13, 42, '2024-06-11', 889.9);
INSERT INTO orders (order_id, customer_id, order_date, amount) VALUES (14, 28, '2024-07-28', 1589.53);
INSERT INTO orders (order_id, customer_id, order_date, amount) VALUES (15, 95, '2023-08-13', 178.74);
INSERT INTO orders (order_id, customer_id, order_date, amount) VALUES (16, 66, '2024-12-31', 1242.33);
INSERT INTO orders (order_id, customer_id, order_date, amount) VALUES (17, 12, '2025-06-07', 1348.86);
INSERT INTO orders (order_id, customer_id, order_date, amount) VALUES (18, 29, '2025-05-25', 303.23);
INSERT INTO orders (order_id, customer_id, order_date, amount) VALUES (19, 6, '2023-10-29', 1226.44);
INSERT INTO orders (order_id, customer_id, order_date, amount) VALUES (20, 99, '2023-05-06', 834.74);
INSERT INTO orders (order_id, customer_id, order_date, amount) VALUES (21, 81, '2024-10-01', 1439.51);
INSERT INTO orders (order_id, customer_id, order_date, amount) VALUES (22, 50, '2024-07-10', 495.53);
INSERT INTO orders (order_id, customer_id, order_date, amount) VALUES (23, 84, '2025-01-24', 1786.39);
INSERT INTO orders (order_id, customer_id, order_date, amount) VALUES (24, 99, '2025-08-14', 1559.06);
INSERT INTO orders (order_id, customer_id, order_date, amount) VALUES (25, 29, '2023-08-20', 934.45);
INSERT INTO orders (order_id, customer_id, order_date, amount) VALUES (26, 72, '2023-11-02', 918.36);
INSERT INTO orders (order_id, customer_id, order_date, amount) VALUES (27, 60, '2025-01-04', 1975.91);
INSERT INTO orders (order_id, customer_id, order_date, amount) VALUES (28, 77, '2024-01-11', 1229.18);
INSERT INTO orders (order_id, customer_id, order_date, amount) VALUES (29, 93, '2025-08-22', 859.21);
INSERT INTO orders (order_id, customer_id, order_date, amount) VALUES (30, 71, '2024-05-21', 1489.87);
INSERT INTO orders (order_id, customer_id, order_date, amount) VALUES (31, 61, '2024-05-25', 1506.04);
INSERT INTO orders (order_id, customer_id, order_date, amount) VALUES (32, 82, '2023-12-01', 974.35);
INSERT INTO orders (order_id, customer_id, order_date, amount) VALUES (33, 31, '2023-11-29', 164.19);
INSERT INTO orders (order_id, customer_id, order_date, amount) VALUES (34, 37, '2023-10-18', 678.34);
INSERT INTO orders (order_id, customer_id, order_date, amount) VALUES (35, 70, '2023-05-13', 310.15);
INSERT INTO orders (order_id, customer_id, order_date, amount) VALUES (36, 50, '2025-01-30', 1415.77);
INSERT INTO orders (order_id, customer_id, order_date, amount) VALUES (37, 9, '2024-04-19', 668.45);
INSERT INTO orders (order_id, customer_id, order_date, amount) VALUES (38, 60, '2024-04-20', 421.6);
INSERT INTO orders (order_id, customer_id, order_date, amount) VALUES (39, 54, '2024-03-25', 1892.66);
INSERT INTO orders (order_id, customer_id, order_date, amount) VALUES (40, 3, '2025-07-17', 766.96);
INSERT INTO orders (order_id, customer_id, order_date, amount) VALUES (41, 1, '2025-10-12', 604.24);
INSERT INTO orders (order_id, customer_id, order_date, amount) VALUES (42, 50, '2025-07-13', 1081.06);
INSERT INTO orders (order_id, customer_id, order_date, amount) VALUES (43, 95, '2024-09-02', 1796.64);
INSERT INTO orders (order_id, customer_id, order_date, amount) VALUES (44, 63, '2023-10-02', 877.31);
INSERT INTO orders (order_id, customer_id, order_date, amount) VALUES (45, 4, '2024-03-24', 1341.06);
INSERT INTO orders (order_id, customer_id, order_date, amount) VALUES (46, 52, '2025-03-02', 1682.61);
INSERT INTO orders (order_id, customer_id, order_date, amount) VALUES (47, 17, '2024-11-19', 63.66);
INSERT INTO orders (order_id, customer_id, order_date, amount) VALUES (48, 51, '2024-10-19', 1329.37);
INSERT INTO orders (order_id, customer_id, order_date, amount) VALUES (49, 11, '2024-12-10', 280.04);
INSERT INTO orders (order_id, customer_id, order_date, amount) VALUES (50, 60, '2023-08-25', 527.71);
INSERT INTO orders (order_id, customer_id, order_date, amount) VALUES (51, 42, '2023-09-25', 660.42);
INSERT INTO orders (order_id, customer_id, order_date, amount) VALUES (52, 98, '2025-08-08', 563.73);
INSERT INTO orders (order_id, customer_id, order_date, amount) VALUES (53, 54, '2023-11-05', 945.91);
INSERT INTO orders (order_id, customer_id, order_date, amount) VALUES (54, 96, '2024-08-25', 1999.82);
INSERT INTO orders (order_id, customer_id, order_date, amount) VALUES (55, 45, '2023-10-08', 146.55);
INSERT INTO orders (order_id, customer_id, order_date, amount) VALUES (56, 84, '2023-04-02', 1899.73);
INSERT INTO orders (order_id, customer_id, order_date, amount) VALUES (57, 26, '2025-06-28', 1246.46);
INSERT INTO orders (order_id, customer_id, order_date, amount) VALUES (58, 31, '2023-06-30', 1342.22);
INSERT INTO orders (order_id, customer_id, order_date, amount) VALUES (59, 73, '2025-10-17', 935.42);
INSERT INTO orders (order_id, customer_id, order_date, amount) VALUES (60, 33, '2025-04-15', 343.9);
INSERT INTO orders (order_id, customer_id, order_date, amount) VALUES (61, 78, '2025-11-02', 1557.81);
INSERT INTO orders (order_id, customer_id, order_date, amount) VALUES (62, 21, '2025-11-03', 225.12);
INSERT INTO orders (order_id, customer_id, order_date, amount) VALUES (63, 4, '2025-09-28', 1155.84);
INSERT INTO orders (order_id, customer_id, order_date, amount) VALUES (64, 49, '2024-04-01', 161.23);
INSERT INTO orders (order_id, customer_id, order_date, amount) VALUES (65, 89, '2025-06-20', 493.27);
INSERT INTO orders (order_id, customer_id, order_date, amount) VALUES (66, 90, '2025-04-21', 1702.08);
INSERT INTO orders (order_id, customer_id, order_date, amount) VALUES (67, 77, '2025-05-24', 1594.49);
INSERT INTO orders (order_id, customer_id, order_date, amount) VALUES (68, 73, '2025-05-01', 700.94);
INSERT INTO orders (order_id, customer_id, order_date, amount) VALUES (69, 55, '2024-12-28', 147.22);
INSERT INTO orders (order_id, customer_id, order_date, amount) VALUES (70, 83, '2024-02-04', 1700.66);
INSERT INTO orders (order_id, customer_id, order_date, amount) VALUES (71, 63, '2023-06-09', 1921.97);
INSERT INTO orders (order_id, customer_id, order_date, amount) VALUES (72, 82, '2025-08-21', 1417.54);
INSERT INTO orders (order_id, customer_id, order_date, amount) VALUES (73, 56, '2023-08-20', 1931.29);
INSERT INTO orders (order_id, customer_id, order_date, amount) VALUES (74, 35, '2024-11-12', 1551.54);
INSERT INTO orders (order_id, customer_id, order_date, amount) VALUES (75, 60, '2024-05-12', 544.11);
INSERT INTO orders (order_id, customer_id, order_date, amount) VALUES (76, 32, '2025-06-19', 565.07);
INSERT INTO orders (order_id, customer_id, order_date, amount) VALUES (77, 58, '2023-10-28', 1144.0);
INSERT INTO orders (order_id, customer_id, order_date, amount) VALUES (78, 86, '2024-03-14', 67.11);
INSERT INTO orders (order_id, customer_id, order_date, amount) VALUES (79, 42, '2023-08-26', 432.12);
INSERT INTO orders (order_id, customer_id, order_date, amount) VALUES (80, 34, '2024-02-03', 1761.84);
INSERT INTO orders (order_id, customer_id, order_date, amount) VALUES (81, 90, '2025-08-09', 1116.02);
INSERT INTO orders (order_id, customer_id, order_date, amount) VALUES (82, 67, '2025-10-17', 180.37);
INSERT INTO orders (order_id, customer_id, order_date, amount) VALUES (83, 93, '2024-04-12', 1114.8);
INSERT INTO orders (order_id, customer_id, order_date, amount) VALUES (84, 31, '2025-01-28', 1295.35);
INSERT INTO orders (order_id, customer_id, order_date, amount) VALUES (85, 63, '2024-05-23', 195.18);
INSERT INTO orders (order_id, customer_id, order_date, amount) VALUES (86, 29, '2024-04-09', 619.35);
INSERT INTO orders (order_id, customer_id, order_date, amount) VALUES (87, 75, '2024-03-04', 1111.41);
INSERT INTO orders (order_id, customer_id, order_date, amount) VALUES (88, 45, '2024-05-01', 668.27);
INSERT INTO orders (order_id, customer_id, order_date, amount) VALUES (89, 90, '2024-05-29', 620.18);
INSERT INTO orders (order_id, customer_id, order_date, amount) VALUES (90, 30, '2023-06-23', 637.94);
INSERT INTO orders (order_id, customer_id, order_date, amount) VALUES (91, 96, '2024-08-21', 391.17);
INSERT INTO orders (order_id, customer_id, order_date, amount) VALUES (92, 95, '2024-06-29', 1451.92);
INSERT INTO orders (order_id, customer_id, order_date, amount) VALUES (93, 98, '2024-08-11', 573.17);
INSERT INTO orders (order_id, customer_id, order_date, amount) VALUES (94, 13, '2025-06-21', 599.53);
INSERT INTO orders (order_id, customer_id, order_date, amount) VALUES (95, 47, '2023-08-22', 38.16);
INSERT INTO orders (order_id, customer_id, order_date, amount) VALUES (96, 69, '2023-06-29', 100.58);
INSERT INTO orders (order_id, customer_id, order_date, amount) VALUES (97, 7, '2024-09-08', 1397.86);
INSERT INTO orders (order_id, customer_id, order_date, amount) VALUES (98, 17, '2024-12-05', 214.15);
INSERT INTO orders (order_id, customer_id, order_date, amount) VALUES (99, 2, '2024-09-29', 944.1);
INSERT INTO orders (order_id, customer_id, order_date, amount) VALUES (100, 57, '2024-02-03', 1931.34);

-- Inserts for visits
INSERT INTO visits (visit_id, patient_id, visit_date) VALUES (1, 17, '2025-06-13');
INSERT INTO visits (visit_id, patient_id, visit_date) VALUES (2, 5, '2025-05-06');
INSERT INTO visits (visit_id, patient_id, visit_date) VALUES (3, 5, '2025-08-04');
INSERT INTO visits (visit_id, patient_id, visit_date) VALUES (4, 44, '2024-11-08');
INSERT INTO visits (visit_id, patient_id, visit_date) VALUES (5, 10, '2025-07-27');
INSERT INTO visits (visit_id, patient_id, visit_date) VALUES (6, 6, '2025-02-16');
INSERT INTO visits (visit_id, patient_id, visit_date) VALUES (7, 36, '2025-11-08');
INSERT INTO visits (visit_id, patient_id, visit_date) VALUES (8, 39, '2025-08-14');
INSERT INTO visits (visit_id, patient_id, visit_date) VALUES (9, 15, '2025-11-14');
INSERT INTO visits (visit_id, patient_id, visit_date) VALUES (10, 25, '2025-05-31');
INSERT INTO visits (visit_id, patient_id, visit_date) VALUES (11, 20, '2025-08-10');
INSERT INTO visits (visit_id, patient_id, visit_date) VALUES (12, 20, '2025-07-31');
INSERT INTO visits (visit_id, patient_id, visit_date) VALUES (13, 4, '2025-08-20');
INSERT INTO visits (visit_id, patient_id, visit_date) VALUES (14, 49, '2025-01-27');
INSERT INTO visits (visit_id, patient_id, visit_date) VALUES (15, 14, '2025-02-24');
INSERT INTO visits (visit_id, patient_id, visit_date) VALUES (16, 11, '2025-02-11');
INSERT INTO visits (visit_id, patient_id, visit_date) VALUES (17, 36, '2024-11-19');
INSERT INTO visits (visit_id, patient_id, visit_date) VALUES (18, 1, '2025-05-10');
INSERT INTO visits (visit_id, patient_id, visit_date) VALUES (19, 45, '2025-08-13');
INSERT INTO visits (visit_id, patient_id, visit_date) VALUES (20, 19, '2024-10-28');
INSERT INTO visits (visit_id, patient_id, visit_date) VALUES (21, 19, '2025-10-08');
INSERT INTO visits (visit_id, patient_id, visit_date) VALUES (22, 45, '2025-06-01');
INSERT INTO visits (visit_id, patient_id, visit_date) VALUES (23, 44, '2025-02-08');
INSERT INTO visits (visit_id, patient_id, visit_date) VALUES (24, 41, '2025-08-09');
INSERT INTO visits (visit_id, patient_id, visit_date) VALUES (25, 28, '2024-12-10');
INSERT INTO visits (visit_id, patient_id, visit_date) VALUES (26, 15, '2025-09-08');
INSERT INTO visits (visit_id, patient_id, visit_date) VALUES (27, 18, '2024-12-23');
INSERT INTO visits (visit_id, patient_id, visit_date) VALUES (28, 4, '2025-01-04');
INSERT INTO visits (visit_id, patient_id, visit_date) VALUES (29, 39, '2025-10-31');
INSERT INTO visits (visit_id, patient_id, visit_date) VALUES (30, 19, '2025-05-24');
INSERT INTO visits (visit_id, patient_id, visit_date) VALUES (31, 30, '2025-09-29');
INSERT INTO visits (visit_id, patient_id, visit_date) VALUES (32, 45, '2025-05-06');
INSERT INTO visits (visit_id, patient_id, visit_date) VALUES (33, 33, '2025-07-16');
INSERT INTO visits (visit_id, patient_id, visit_date) VALUES (34, 29, '2024-11-23');
INSERT INTO visits (visit_id, patient_id, visit_date) VALUES (35, 3, '2025-05-21');
INSERT INTO visits (visit_id, patient_id, visit_date) VALUES (36, 39, '2025-02-17');
INSERT INTO visits (visit_id, patient_id, visit_date) VALUES (37, 6, '2025-02-07');
INSERT INTO visits (visit_id, patient_id, visit_date) VALUES (38, 38, '2024-10-22');
INSERT INTO visits (visit_id, patient_id, visit_date) VALUES (39, 37, '2024-11-01');
INSERT INTO visits (visit_id, patient_id, visit_date) VALUES (40, 31, '2025-07-05');
INSERT INTO visits (visit_id, patient_id, visit_date) VALUES (41, 29, '2025-03-03');
INSERT INTO visits (visit_id, patient_id, visit_date) VALUES (42, 38, '2025-05-24');
INSERT INTO visits (visit_id, patient_id, visit_date) VALUES (43, 32, '2024-11-28');
INSERT INTO visits (visit_id, patient_id, visit_date) VALUES (44, 23, '2025-05-09');
INSERT INTO visits (visit_id, patient_id, visit_date) VALUES (45, 21, '2025-09-20');
INSERT INTO visits (visit_id, patient_id, visit_date) VALUES (46, 11, '2025-03-30');
INSERT INTO visits (visit_id, patient_id, visit_date) VALUES (47, 45, '2025-06-22');
INSERT INTO visits (visit_id, patient_id, visit_date) VALUES (48, 43, '2025-05-06');
INSERT INTO visits (visit_id, patient_id, visit_date) VALUES (49, 3, '2025-06-01');
INSERT INTO visits (visit_id, patient_id, visit_date) VALUES (50, 21, '2025-02-18');
INSERT INTO visits (visit_id, patient_id, visit_date) VALUES (51, 8, '2025-11-11');
INSERT INTO visits (visit_id, patient_id, visit_date) VALUES (52, 33, '2024-10-13');
INSERT INTO visits (visit_id, patient_id, visit_date) VALUES (53, 35, '2025-06-06');
INSERT INTO visits (visit_id, patient_id, visit_date) VALUES (54, 4, '2025-01-17');
INSERT INTO visits (visit_id, patient_id, visit_date) VALUES (55, 24, '2025-08-27');
INSERT INTO visits (visit_id, patient_id, visit_date) VALUES (56, 41, '2025-05-26');
INSERT INTO visits (visit_id, patient_id, visit_date) VALUES (57, 14, '2025-02-26');
INSERT INTO visits (visit_id, patient_id, visit_date) VALUES (58, 9, '2025-03-09');
INSERT INTO visits (visit_id, patient_id, visit_date) VALUES (59, 45, '2025-06-17');
INSERT INTO visits (visit_id, patient_id, visit_date) VALUES (60, 2, '2025-08-31');
INSERT INTO visits (visit_id, patient_id, visit_date) VALUES (61, 16, '2025-10-10');
INSERT INTO visits (visit_id, patient_id, visit_date) VALUES (62, 20, '2025-07-21');
INSERT INTO visits (visit_id, patient_id, visit_date) VALUES (63, 36, '2025-05-08');
INSERT INTO visits (visit_id, patient_id, visit_date) VALUES (64, 15, '2024-12-10');
INSERT INTO visits (visit_id, patient_id, visit_date) VALUES (65, 8, '2025-09-08');
INSERT INTO visits (visit_id, patient_id, visit_date) VALUES (66, 32, '2025-10-13');
INSERT INTO visits (visit_id, patient_id, visit_date) VALUES (67, 33, '2025-10-08');
INSERT INTO visits (visit_id, patient_id, visit_date) VALUES (68, 27, '2025-06-17');
INSERT INTO visits (visit_id, patient_id, visit_date) VALUES (69, 16, '2025-06-03');
INSERT INTO visits (visit_id, patient_id, visit_date) VALUES (70, 10, '2025-04-26');
INSERT INTO visits (visit_id, patient_id, visit_date) VALUES (71, 39, '2025-06-29');
INSERT INTO visits (visit_id, patient_id, visit_date) VALUES (72, 5, '2025-03-03');
INSERT INTO visits (visit_id, patient_id, visit_date) VALUES (73, 22, '2025-06-28');
INSERT INTO visits (visit_id, patient_id, visit_date) VALUES (74, 1, '2025-03-05');
INSERT INTO visits (visit_id, patient_id, visit_date) VALUES (75, 38, '2025-08-05');
INSERT INTO visits (visit_id, patient_id, visit_date) VALUES (76, 10, '2025-05-29');
INSERT INTO visits (visit_id, patient_id, visit_date) VALUES (77, 31, '2025-04-06');
INSERT INTO visits (visit_id, patient_id, visit_date) VALUES (78, 36, '2025-11-07');
INSERT INTO visits (visit_id, patient_id, visit_date) VALUES (79, 25, '2025-06-02');
INSERT INTO visits (visit_id, patient_id, visit_date) VALUES (80, 13, '2025-10-04');
INSERT INTO visits (visit_id, patient_id, visit_date) VALUES (81, 37, '2025-04-26');
INSERT INTO visits (visit_id, patient_id, visit_date) VALUES (82, 50, '2025-05-10');
INSERT INTO visits (visit_id, patient_id, visit_date) VALUES (83, 21, '2025-10-29');
INSERT INTO visits (visit_id, patient_id, visit_date) VALUES (84, 46, '2025-04-25');
INSERT INTO visits (visit_id, patient_id, visit_date) VALUES (85, 43, '2025-09-10');
INSERT INTO visits (visit_id, patient_id, visit_date) VALUES (86, 32, '2024-10-30');
INSERT INTO visits (visit_id, patient_id, visit_date) VALUES (87, 33, '2025-08-10');
INSERT INTO visits (visit_id, patient_id, visit_date) VALUES (88, 7, '2025-05-25');
INSERT INTO visits (visit_id, patient_id, visit_date) VALUES (89, 34, '2025-06-02');
INSERT INTO visits (visit_id, patient_id, visit_date) VALUES (90, 47, '2024-12-24');
INSERT INTO visits (visit_id, patient_id, visit_date) VALUES (91, 42, '2024-12-30');
INSERT INTO visits (visit_id, patient_id, visit_date) VALUES (92, 31, '2025-11-16');
INSERT INTO visits (visit_id, patient_id, visit_date) VALUES (93, 22, '2025-08-27');
INSERT INTO visits (visit_id, patient_id, visit_date) VALUES (94, 42, '2024-11-22');
INSERT INTO visits (visit_id, patient_id, visit_date) VALUES (95, 44, '2025-07-12');
INSERT INTO visits (visit_id, patient_id, visit_date) VALUES (96, 21, '2025-08-29');
INSERT INTO visits (visit_id, patient_id, visit_date) VALUES (97, 35, '2024-10-31');
INSERT INTO visits (visit_id, patient_id, visit_date) VALUES (98, 5, '2025-02-10');
INSERT INTO visits (visit_id, patient_id, visit_date) VALUES (99, 44, '2025-03-08');
INSERT INTO visits (visit_id, patient_id, visit_date) VALUES (100, 48, '2024-11-28');

-- Inserts for sales
INSERT INTO sales (sale_id, product_id, store_id, sale_date, amount) VALUES (1, 13, 2, '2025-07-01', 1042.53);
INSERT INTO sales (sale_id, product_id, store_id, sale_date, amount) VALUES (2, 4, 1, '2025-05-01', 443.58);
INSERT INTO sales (sale_id, product_id, store_id, sale_date, amount) VALUES (3, 48, 7, '2025-01-29', 799.09);
INSERT INTO sales (sale_id, product_id, store_id, sale_date, amount) VALUES (4, 73, 3, '2025-02-11', 123.06);
INSERT INTO sales (sale_id, product_id, store_id, sale_date, amount) VALUES (5, 49, 10, '2025-10-31', 749.01);
INSERT INTO sales (sale_id, product_id, store_id, sale_date, amount) VALUES (6, 75, 3, '2025-03-15', 958.67);
INSERT INTO sales (sale_id, product_id, store_id, sale_date, amount) VALUES (7, 59, 5, '2025-10-23', 1348.87);
INSERT INTO sales (sale_id, product_id, store_id, sale_date, amount) VALUES (8, 60, 5, '2025-10-29', 241.17);
INSERT INTO sales (sale_id, product_id, store_id, sale_date, amount) VALUES (9, 57, 6, '2025-09-12', 960.21);
INSERT INTO sales (sale_id, product_id, store_id, sale_date, amount) VALUES (10, 55, 5, '2025-07-07', 302.83);
INSERT INTO sales (sale_id, product_id, store_id, sale_date, amount) VALUES (11, 50, 8, '2025-01-09', 575.14);
INSERT INTO sales (sale_id, product_id, store_id, sale_date, amount) VALUES (12, 46, 10, '2025-04-16', 37.8);
INSERT INTO sales (sale_id, product_id, store_id, sale_date, amount) VALUES (13, 85, 7, '2025-04-05', 851.06);
INSERT INTO sales (sale_id, product_id, store_id, sale_date, amount) VALUES (14, 88, 1, '2025-09-23', 1250.09);
INSERT INTO sales (sale_id, product_id, store_id, sale_date, amount) VALUES (15, 37, 4, '2025-09-22', 332.41);
INSERT INTO sales (sale_id, product_id, store_id, sale_date, amount) VALUES (16, 25, 10, '2025-03-25', 1022.88);
INSERT INTO sales (sale_id, product_id, store_id, sale_date, amount) VALUES (17, 18, 2, '2025-10-04', 63.94);
INSERT INTO sales (sale_id, product_id, store_id, sale_date, amount) VALUES (18, 57, 1, '2025-09-08', 1099.88);
INSERT INTO sales (sale_id, product_id, store_id, sale_date, amount) VALUES (19, 12, 5, '2025-05-03', 267.58);
INSERT INTO sales (sale_id, product_id, store_id, sale_date, amount) VALUES (20, 17, 9, '2025-05-23', 755.18);
INSERT INTO sales (sale_id, product_id, store_id, sale_date, amount) VALUES (21, 35, 3, '2025-03-28', 1451.24);
INSERT INTO sales (sale_id, product_id, store_id, sale_date, amount) VALUES (22, 38, 6, '2025-01-14', 1444.53);
INSERT INTO sales (sale_id, product_id, store_id, sale_date, amount) VALUES (23, 19, 4, '2025-10-28', 1451.07);
INSERT INTO sales (sale_id, product_id, store_id, sale_date, amount) VALUES (24, 72, 6, '2025-01-01', 25.81);
INSERT INTO sales (sale_id, product_id, store_id, sale_date, amount) VALUES (25, 69, 2, '2025-07-06', 1010.88);
INSERT INTO sales (sale_id, product_id, store_id, sale_date, amount) VALUES (26, 87, 5, '2025-09-11', 1234.51);
INSERT INTO sales (sale_id, product_id, store_id, sale_date, amount) VALUES (27, 48, 2, '2025-10-27', 709.86);
INSERT INTO sales (sale_id, product_id, store_id, sale_date, amount) VALUES (28, 80, 9, '2025-05-03', 335.94);
INSERT INTO sales (sale_id, product_id, store_id, sale_date, amount) VALUES (29, 9, 8, '2025-11-09', 975.61);
INSERT INTO sales (sale_id, product_id, store_id, sale_date, amount) VALUES (30, 15, 3, '2024-12-09', 460.03);
INSERT INTO sales (sale_id, product_id, store_id, sale_date, amount) VALUES (31, 64, 2, '2025-01-04', 1331.45);
INSERT INTO sales (sale_id, product_id, store_id, sale_date, amount) VALUES (32, 18, 7, '2025-07-06', 1007.38);
INSERT INTO sales (sale_id, product_id, store_id, sale_date, amount) VALUES (33, 96, 9, '2025-06-19', 1114.69);
INSERT INTO sales (sale_id, product_id, store_id, sale_date, amount) VALUES (34, 20, 7, '2025-10-17', 1251.37);
INSERT INTO sales (sale_id, product_id, store_id, sale_date, amount) VALUES (35, 79, 7, '2025-04-08', 1036.97);
INSERT INTO sales (sale_id, product_id, store_id, sale_date, amount) VALUES (36, 28, 8, '2025-07-01', 1283.9);
INSERT INTO sales (sale_id, product_id, store_id, sale_date, amount) VALUES (37, 13, 6, '2025-08-22', 541.22);
INSERT INTO sales (sale_id, product_id, store_id, sale_date, amount) VALUES (38, 51, 5, '2025-02-21', 1423.77);
INSERT INTO sales (sale_id, product_id, store_id, sale_date, amount) VALUES (39, 59, 2, '2025-10-21', 964.35);
INSERT INTO sales (sale_id, product_id, store_id, sale_date, amount) VALUES (40, 77, 1, '2024-12-11', 369.14);
INSERT INTO sales (sale_id, product_id, store_id, sale_date, amount) VALUES (41, 17, 10, '2025-03-01', 1245.58);
INSERT INTO sales (sale_id, product_id, store_id, sale_date, amount) VALUES (42, 71, 4, '2025-09-12', 1220.51);
INSERT INTO sales (sale_id, product_id, store_id, sale_date, amount) VALUES (43, 30, 6, '2025-01-31', 9.24);
INSERT INTO sales (sale_id, product_id, store_id, sale_date, amount) VALUES (44, 19, 3, '2025-08-19', 1198.78);
INSERT INTO sales (sale_id, product_id, store_id, sale_date, amount) VALUES (45, 15, 1, '2025-01-22', 540.57);
INSERT INTO sales (sale_id, product_id, store_id, sale_date, amount) VALUES (46, 31, 10, '2025-04-30', 265.5);
INSERT INTO sales (sale_id, product_id, store_id, sale_date, amount) VALUES (47, 7, 3, '2025-06-20', 174.91);
INSERT INTO sales (sale_id, product_id, store_id, sale_date, amount) VALUES (48, 9, 8, '2025-07-03', 772.29);
INSERT INTO sales (sale_id, product_id, store_id, sale_date, amount) VALUES (49, 14, 8, '2025-07-31', 1418.4);
INSERT INTO sales (sale_id, product_id, store_id, sale_date, amount) VALUES (50, 6, 9, '2025-04-20', 966.79);
INSERT INTO sales (sale_id, product_id, store_id, sale_date, amount) VALUES (51, 4, 1, '2025-07-19', 642.28);
INSERT INTO sales (sale_id, product_id, store_id, sale_date, amount) VALUES (52, 14, 8, '2025-11-16', 114.87);
INSERT INTO sales (sale_id, product_id, store_id, sale_date, amount) VALUES (53, 11, 6, '2025-09-23', 103.19);
INSERT INTO sales (sale_id, product_id, store_id, sale_date, amount) VALUES (54, 36, 10, '2025-10-07', 824.79);
INSERT INTO sales (sale_id, product_id, store_id, sale_date, amount) VALUES (55, 42, 7, '2025-09-18', 445.87);
INSERT INTO sales (sale_id, product_id, store_id, sale_date, amount) VALUES (56, 65, 10, '2025-06-24', 1190.68);
INSERT INTO sales (sale_id, product_id, store_id, sale_date, amount) VALUES (57, 15, 9, '2025-03-07', 680.07);
INSERT INTO sales (sale_id, product_id, store_id, sale_date, amount) VALUES (58, 30, 7, '2025-05-09', 601.1);
INSERT INTO sales (sale_id, product_id, store_id, sale_date, amount) VALUES (59, 94, 2, '2025-04-26', 472.22);
INSERT INTO sales (sale_id, product_id, store_id, sale_date, amount) VALUES (60, 33, 6, '2025-02-03', 105.36);
INSERT INTO sales (sale_id, product_id, store_id, sale_date, amount) VALUES (61, 11, 2, '2025-06-25', 1118.16);
INSERT INTO sales (sale_id, product_id, store_id, sale_date, amount) VALUES (62, 48, 3, '2025-08-27', 881.77);
INSERT INTO sales (sale_id, product_id, store_id, sale_date, amount) VALUES (63, 72, 9, '2025-05-03', 619.16);
INSERT INTO sales (sale_id, product_id, store_id, sale_date, amount) VALUES (64, 86, 7, '2024-12-12', 902.61);
INSERT INTO sales (sale_id, product_id, store_id, sale_date, amount) VALUES (65, 46, 2, '2025-09-08', 323.04);
INSERT INTO sales (sale_id, product_id, store_id, sale_date, amount) VALUES (66, 85, 8, '2025-03-10', 528.42);
INSERT INTO sales (sale_id, product_id, store_id, sale_date, amount) VALUES (67, 72, 6, '2025-01-13', 863.28);
INSERT INTO sales (sale_id, product_id, store_id, sale_date, amount) VALUES (68, 55, 9, '2025-10-01', 1014.09);
INSERT INTO sales (sale_id, product_id, store_id, sale_date, amount) VALUES (69, 72, 1, '2025-09-24', 1245.04);
INSERT INTO sales (sale_id, product_id, store_id, sale_date, amount) VALUES (70, 35, 1, '2025-02-16', 1055.53);
INSERT INTO sales (sale_id, product_id, store_id, sale_date, amount) VALUES (71, 40, 6, '2025-05-14', 276.2);
INSERT INTO sales (sale_id, product_id, store_id, sale_date, amount) VALUES (72, 19, 10, '2025-10-18', 109.03);
INSERT INTO sales (sale_id, product_id, store_id, sale_date, amount) VALUES (73, 95, 1, '2025-01-02', 326.62);
INSERT INTO sales (sale_id, product_id, store_id, sale_date, amount) VALUES (74, 54, 8, '2025-05-09', 558.23);
INSERT INTO sales (sale_id, product_id, store_id, sale_date, amount) VALUES (75, 93, 6, '2025-09-03', 132.01);
INSERT INTO sales (sale_id, product_id, store_id, sale_date, amount) VALUES (76, 7, 3, '2025-02-05', 79.39);
INSERT INTO sales (sale_id, product_id, store_id, sale_date, amount) VALUES (77, 11, 5, '2025-07-01', 731.06);
INSERT INTO sales (sale_id, product_id, store_id, sale_date, amount) VALUES (78, 57, 7, '2025-04-04', 1133.64);
INSERT INTO sales (sale_id, product_id, store_id, sale_date, amount) VALUES (79, 15, 6, '2025-06-24', 428.45);
INSERT INTO sales (sale_id, product_id, store_id, sale_date, amount) VALUES (80, 87, 10, '2025-07-24', 1002.36);
INSERT INTO sales (sale_id, product_id, store_id, sale_date, amount) VALUES (81, 6, 4, '2025-06-07', 86.9);
INSERT INTO sales (sale_id, product_id, store_id, sale_date, amount) VALUES (82, 27, 5, '2025-03-04', 1147.42);
INSERT INTO sales (sale_id, product_id, store_id, sale_date, amount) VALUES (83, 38, 6, '2025-01-16', 748.59);
INSERT INTO sales (sale_id, product_id, store_id, sale_date, amount) VALUES (84, 56, 3, '2025-01-21', 801.21);
INSERT INTO sales (sale_id, product_id, store_id, sale_date, amount) VALUES (85, 30, 9, '2025-08-29', 112.75);
INSERT INTO sales (sale_id, product_id, store_id, sale_date, amount) VALUES (86, 95, 1, '2025-06-27', 692.33);
INSERT INTO sales (sale_id, product_id, store_id, sale_date, amount) VALUES (87, 10, 6, '2025-09-07', 862.23);
INSERT INTO sales (sale_id, product_id, store_id, sale_date, amount) VALUES (88, 91, 7, '2025-04-13', 610.52);
INSERT INTO sales (sale_id, product_id, store_id, sale_date, amount) VALUES (89, 42, 3, '2025-09-29', 1248.88);
INSERT INTO sales (sale_id, product_id, store_id, sale_date, amount) VALUES (90, 47, 2, '2025-06-27', 368.76);
INSERT INTO sales (sale_id, product_id, store_id, sale_date, amount) VALUES (91, 76, 7, '2025-08-11', 596.67);
INSERT INTO sales (sale_id, product_id, store_id, sale_date, amount) VALUES (92, 40, 6, '2025-03-09', 1169.78);
INSERT INTO sales (sale_id, product_id, store_id, sale_date, amount) VALUES (93, 10, 9, '2025-10-06', 798.25);
INSERT INTO sales (sale_id, product_id, store_id, sale_date, amount) VALUES (94, 25, 6, '2025-05-15', 1223.48);
INSERT INTO sales (sale_id, product_id, store_id, sale_date, amount) VALUES (95, 31, 2, '2025-01-29', 299.92);
INSERT INTO sales (sale_id, product_id, store_id, sale_date, amount) VALUES (96, 78, 3, '2025-10-17', 269.83);
INSERT INTO sales (sale_id, product_id, store_id, sale_date, amount) VALUES (97, 99, 8, '2025-07-12', 1141.02);
INSERT INTO sales (sale_id, product_id, store_id, sale_date, amount) VALUES (98, 58, 10, '2025-10-12', 1479.87);
INSERT INTO sales (sale_id, product_id, store_id, sale_date, amount) VALUES (99, 42, 6, '2025-02-02', 107.09);
INSERT INTO sales (sale_id, product_id, store_id, sale_date, amount) VALUES (100, 57, 5, '2025-04-06', 88.98);

-- Inserts for events
INSERT INTO events (event_id, user_id, event_time, event_type) VALUES (1, 17, '2025-09-21 20:22:15', 'login');
INSERT INTO events (event_id, user_id, event_time, event_type) VALUES (2, 15, '2025-09-19 11:08:26', 'purchase');
INSERT INTO events (event_id, user_id, event_time, event_type) VALUES (3, 27, '2025-10-05 11:51:47', 'pageview');
INSERT INTO events (event_id, user_id, event_time, event_type) VALUES (4, 20, '2025-10-26 03:31:52', 'login');
INSERT INTO events (event_id, user_id, event_time, event_type) VALUES (5, 15, '2025-10-25 05:15:05', 'pageview');
INSERT INTO events (event_id, user_id, event_time, event_type) VALUES (6, 15, '2025-11-15 05:52:58', 'click');
INSERT INTO events (event_id, user_id, event_time, event_type) VALUES (7, 11, '2025-10-26 02:23:11', 'click');
INSERT INTO events (event_id, user_id, event_time, event_type) VALUES (8, 2, '2025-10-15 12:50:16', 'purchase');
INSERT INTO events (event_id, user_id, event_time, event_type) VALUES (9, 23, '2025-09-23 03:26:22', 'click');
INSERT INTO events (event_id, user_id, event_time, event_type) VALUES (10, 2, '2025-10-03 01:00:27', 'login');
INSERT INTO events (event_id, user_id, event_time, event_type) VALUES (11, 17, '2025-10-21 07:16:18', 'click');
INSERT INTO events (event_id, user_id, event_time, event_type) VALUES (12, 12, '2025-10-10 19:22:09', 'login');
INSERT INTO events (event_id, user_id, event_time, event_type) VALUES (13, 14, '2025-11-05 21:23:20', 'pageview');
INSERT INTO events (event_id, user_id, event_time, event_type) VALUES (14, 26, '2025-10-28 08:38:13', 'purchase');
INSERT INTO events (event_id, user_id, event_time, event_type) VALUES (15, 3, '2025-10-08 12:30:37', 'login');
INSERT INTO events (event_id, user_id, event_time, event_type) VALUES (16, 10, '2025-10-04 08:58:27', 'click');
INSERT INTO events (event_id, user_id, event_time, event_type) VALUES (17, 11, '2025-09-23 06:17:10', 'click');
INSERT INTO events (event_id, user_id, event_time, event_type) VALUES (18, 30, '2025-10-09 20:21:52', 'login');
INSERT INTO events (event_id, user_id, event_time, event_type) VALUES (19, 5, '2025-10-25 12:09:14', 'purchase');
INSERT INTO events (event_id, user_id, event_time, event_type) VALUES (20, 18, '2025-10-12 08:29:53', 'purchase');
INSERT INTO events (event_id, user_id, event_time, event_type) VALUES (21, 27, '2025-09-26 04:14:05', 'pageview');
INSERT INTO events (event_id, user_id, event_time, event_type) VALUES (22, 21, '2025-10-30 00:29:06', 'purchase');
INSERT INTO events (event_id, user_id, event_time, event_type) VALUES (23, 1, '2025-10-10 20:18:53', 'click');
INSERT INTO events (event_id, user_id, event_time, event_type) VALUES (24, 7, '2025-10-09 02:46:26', 'click');
INSERT INTO events (event_id, user_id, event_time, event_type) VALUES (25, 8, '2025-09-25 14:42:38', 'pageview');
INSERT INTO events (event_id, user_id, event_time, event_type) VALUES (26, 10, '2025-11-10 12:45:06', 'pageview');
INSERT INTO events (event_id, user_id, event_time, event_type) VALUES (27, 22, '2025-10-09 07:34:16', 'click');
INSERT INTO events (event_id, user_id, event_time, event_type) VALUES (28, 20, '2025-10-11 14:41:08', 'click');
INSERT INTO events (event_id, user_id, event_time, event_type) VALUES (29, 6, '2025-11-10 07:48:55', 'click');
INSERT INTO events (event_id, user_id, event_time, event_type) VALUES (30, 24, '2025-10-15 10:39:36', 'login');
INSERT INTO events (event_id, user_id, event_time, event_type) VALUES (31, 12, '2025-10-30 17:43:03', 'login');
INSERT INTO events (event_id, user_id, event_time, event_type) VALUES (32, 20, '2025-10-06 01:24:51', 'click');
INSERT INTO events (event_id, user_id, event_time, event_type) VALUES (33, 18, '2025-10-02 20:20:12', 'login');
INSERT INTO events (event_id, user_id, event_time, event_type) VALUES (34, 29, '2025-11-09 16:08:00', 'purchase');
INSERT INTO events (event_id, user_id, event_time, event_type) VALUES (35, 22, '2025-11-17 05:50:16', 'login');
INSERT INTO events (event_id, user_id, event_time, event_type) VALUES (36, 15, '2025-11-05 19:19:42', 'login');
INSERT INTO events (event_id, user_id, event_time, event_type) VALUES (37, 17, '2025-10-21 00:18:44', 'click');
INSERT INTO events (event_id, user_id, event_time, event_type) VALUES (38, 27, '2025-09-30 07:05:04', 'click');
INSERT INTO events (event_id, user_id, event_time, event_type) VALUES (39, 28, '2025-10-03 10:58:09', 'login');
INSERT INTO events (event_id, user_id, event_time, event_type) VALUES (40, 28, '2025-10-11 05:15:34', 'pageview');
INSERT INTO events (event_id, user_id, event_time, event_type) VALUES (41, 23, '2025-11-11 03:51:11', 'pageview');
INSERT INTO events (event_id, user_id, event_time, event_type) VALUES (42, 10, '2025-09-22 14:54:22', 'purchase');
INSERT INTO events (event_id, user_id, event_time, event_type) VALUES (43, 15, '2025-11-14 03:45:36', 'click');
INSERT INTO events (event_id, user_id, event_time, event_type) VALUES (44, 27, '2025-10-14 12:24:31', 'click');
INSERT INTO events (event_id, user_id, event_time, event_type) VALUES (45, 27, '2025-10-15 21:47:50', 'pageview');
INSERT INTO events (event_id, user_id, event_time, event_type) VALUES (46, 14, '2025-09-20 23:30:14', 'purchase');
INSERT INTO events (event_id, user_id, event_time, event_type) VALUES (47, 8, '2025-10-11 12:02:26', 'purchase');
INSERT INTO events (event_id, user_id, event_time, event_type) VALUES (48, 8, '2025-09-18 20:40:20', 'pageview');
INSERT INTO events (event_id, user_id, event_time, event_type) VALUES (49, 27, '2025-11-02 08:44:01', 'purchase');
INSERT INTO events (event_id, user_id, event_time, event_type) VALUES (50, 26, '2025-09-26 14:04:45', 'pageview');
INSERT INTO events (event_id, user_id, event_time, event_type) VALUES (51, 10, '2025-11-15 02:16:15', 'click');
INSERT INTO events (event_id, user_id, event_time, event_type) VALUES (52, 25, '2025-11-02 02:08:57', 'login');
INSERT INTO events (event_id, user_id, event_time, event_type) VALUES (53, 20, '2025-09-17 11:57:14', 'pageview');
INSERT INTO events (event_id, user_id, event_time, event_type) VALUES (54, 9, '2025-09-30 14:30:47', 'login');
INSERT INTO events (event_id, user_id, event_time, event_type) VALUES (55, 4, '2025-11-05 19:33:32', 'click');
INSERT INTO events (event_id, user_id, event_time, event_type) VALUES (56, 10, '2025-09-24 10:48:28', 'click');
INSERT INTO events (event_id, user_id, event_time, event_type) VALUES (57, 14, '2025-10-28 07:44:43', 'login');
INSERT INTO events (event_id, user_id, event_time, event_type) VALUES (58, 3, '2025-09-25 03:16:03', 'pageview');
INSERT INTO events (event_id, user_id, event_time, event_type) VALUES (59, 21, '2025-10-20 06:00:22', 'click');
INSERT INTO events (event_id, user_id, event_time, event_type) VALUES (60, 23, '2025-09-26 19:40:27', 'login');
INSERT INTO events (event_id, user_id, event_time, event_type) VALUES (61, 1, '2025-10-26 21:54:54', 'click');
INSERT INTO events (event_id, user_id, event_time, event_type) VALUES (62, 19, '2025-10-13 15:53:21', 'pageview');
INSERT INTO events (event_id, user_id, event_time, event_type) VALUES (63, 17, '2025-10-10 11:32:00', 'pageview');
INSERT INTO events (event_id, user_id, event_time, event_type) VALUES (64, 13, '2025-11-12 02:11:11', 'pageview');
INSERT INTO events (event_id, user_id, event_time, event_type) VALUES (65, 21, '2025-10-11 22:39:39', 'purchase');
INSERT INTO events (event_id, user_id, event_time, event_type) VALUES (66, 24, '2025-09-18 22:04:15', 'pageview');
INSERT INTO events (event_id, user_id, event_time, event_type) VALUES (67, 12, '2025-10-03 08:59:37', 'pageview');
INSERT INTO events (event_id, user_id, event_time, event_type) VALUES (68, 25, '2025-10-24 21:10:33', 'click');
INSERT INTO events (event_id, user_id, event_time, event_type) VALUES (69, 2, '2025-10-10 04:56:57', 'purchase');
INSERT INTO events (event_id, user_id, event_time, event_type) VALUES (70, 27, '2025-10-28 15:26:39', 'login');
INSERT INTO events (event_id, user_id, event_time, event_type) VALUES (71, 23, '2025-10-18 08:04:12', 'click');
INSERT INTO events (event_id, user_id, event_time, event_type) VALUES (72, 26, '2025-09-25 11:22:00', 'login');
INSERT INTO events (event_id, user_id, event_time, event_type) VALUES (73, 2, '2025-10-05 16:24:32', 'pageview');
INSERT INTO events (event_id, user_id, event_time, event_type) VALUES (74, 26, '2025-09-29 10:35:42', 'purchase');
INSERT INTO events (event_id, user_id, event_time, event_type) VALUES (75, 30, '2025-10-07 03:50:02', 'login');
INSERT INTO events (event_id, user_id, event_time, event_type) VALUES (76, 27, '2025-10-22 02:18:19', 'purchase');
INSERT INTO events (event_id, user_id, event_time, event_type) VALUES (77, 2, '2025-11-05 08:37:20', 'click');
INSERT INTO events (event_id, user_id, event_time, event_type) VALUES (78, 10, '2025-10-09 10:48:35', 'purchase');
INSERT INTO events (event_id, user_id, event_time, event_type) VALUES (79, 9, '2025-09-24 22:28:07', 'login');
INSERT INTO events (event_id, user_id, event_time, event_type) VALUES (80, 29, '2025-10-13 01:04:47', 'login');
INSERT INTO events (event_id, user_id, event_time, event_type) VALUES (81, 11, '2025-09-29 03:08:08', 'login');
INSERT INTO events (event_id, user_id, event_time, event_type) VALUES (82, 12, '2025-11-16 03:58:32', 'purchase');
INSERT INTO events (event_id, user_id, event_time, event_type) VALUES (83, 26, '2025-09-23 00:31:30', 'pageview');
INSERT INTO events (event_id, user_id, event_time, event_type) VALUES (84, 14, '2025-10-25 15:38:22', 'purchase');
INSERT INTO events (event_id, user_id, event_time, event_type) VALUES (85, 11, '2025-09-23 11:59:04', 'purchase');
INSERT INTO events (event_id, user_id, event_time, event_type) VALUES (86, 22, '2025-10-05 20:13:43', 'login');
INSERT INTO events (event_id, user_id, event_time, event_type) VALUES (87, 20, '2025-11-02 00:35:01', 'click');
INSERT INTO events (event_id, user_id, event_time, event_type) VALUES (88, 23, '2025-10-15 21:52:07', 'login');
INSERT INTO events (event_id, user_id, event_time, event_type) VALUES (89, 2, '2025-11-02 21:54:20', 'login');
INSERT INTO events (event_id, user_id, event_time, event_type) VALUES (90, 9, '2025-10-27 11:09:28', 'pageview');
INSERT INTO events (event_id, user_id, event_time, event_type) VALUES (91, 22, '2025-10-27 23:51:32', 'purchase');
INSERT INTO events (event_id, user_id, event_time, event_type) VALUES (92, 17, '2025-11-07 14:53:39', 'pageview');
INSERT INTO events (event_id, user_id, event_time, event_type) VALUES (93, 5, '2025-11-11 07:11:25', 'login');
INSERT INTO events (event_id, user_id, event_time, event_type) VALUES (94, 2, '2025-09-25 11:31:02', 'click');
INSERT INTO events (event_id, user_id, event_time, event_type) VALUES (95, 25, '2025-10-28 22:24:25', 'purchase');
INSERT INTO events (event_id, user_id, event_time, event_type) VALUES (96, 13, '2025-11-17 05:43:19', 'pageview');
INSERT INTO events (event_id, user_id, event_time, event_type) VALUES (97, 20, '2025-09-27 01:27:02', 'purchase');
INSERT INTO events (event_id, user_id, event_time, event_type) VALUES (98, 12, '2025-10-15 11:52:07', 'click');
INSERT INTO events (event_id, user_id, event_time, event_type) VALUES (99, 17, '2025-10-10 23:33:41', 'purchase');
INSERT INTO events (event_id, user_id, event_time, event_type) VALUES (100, 21, '2025-10-04 18:09:27', 'pageview');

-- Inserts for metrics
INSERT INTO metrics (id, entity_id, ts, value, x, y) VALUES (1, 1, '2025-10-01', 499.04, 38.7, 56.17);
INSERT INTO metrics (id, entity_id, ts, value, x, y) VALUES (2, 9, '2025-11-01', 704.04, 21.46, 61.19);
INSERT INTO metrics (id, entity_id, ts, value, x, y) VALUES (3, 16, '2025-01-01', 135.73, 7.41, 17.27);
INSERT INTO metrics (id, entity_id, ts, value, x, y) VALUES (4, 15, '2024-11-01', 667.84, 70.95, 55.0);
INSERT INTO metrics (id, entity_id, ts, value, x, y) VALUES (5, 10, '2025-03-01', 711.81, 92.73, 63.77);
INSERT INTO metrics (id, entity_id, ts, value, x, y) VALUES (6, 12, '2025-06-01', 121.36, 20.1, 13.89);
INSERT INTO metrics (id, entity_id, ts, value, x, y) VALUES (7, 16, '2024-10-01', 554.02, 36.89, 80.37);
INSERT INTO metrics (id, entity_id, ts, value, x, y) VALUES (8, 18, '2024-12-01', 884.25, 6.57, 39.82);
INSERT INTO metrics (id, entity_id, ts, value, x, y) VALUES (9, 16, '2025-07-01', 769.16, 82.33, 7.38);
INSERT INTO metrics (id, entity_id, ts, value, x, y) VALUES (10, 11, '2025-09-01', 449.97, 68.01, 34.45);
INSERT INTO metrics (id, entity_id, ts, value, x, y) VALUES (11, 18, '2025-09-01', 181.96, 96.63, 43.26);
INSERT INTO metrics (id, entity_id, ts, value, x, y) VALUES (12, 2, '2024-12-01', 153.02, 16.47, 32.27);
INSERT INTO metrics (id, entity_id, ts, value, x, y) VALUES (13, 8, '2025-04-01', 894.93, 84.59, 25.06);
INSERT INTO metrics (id, entity_id, ts, value, x, y) VALUES (14, 18, '2025-03-01', 625.02, 61.44, 9.34);
INSERT INTO metrics (id, entity_id, ts, value, x, y) VALUES (15, 6, '2025-08-01', 154.19, 65.87, 72.06);
INSERT INTO metrics (id, entity_id, ts, value, x, y) VALUES (16, 20, '2025-04-01', 41.19, 86.38, 8.12);
INSERT INTO metrics (id, entity_id, ts, value, x, y) VALUES (17, 19, '2025-02-01', 210.81, 57.21, 61.81);
INSERT INTO metrics (id, entity_id, ts, value, x, y) VALUES (18, 1, '2025-06-01', 545.58, 64.19, 30.21);
INSERT INTO metrics (id, entity_id, ts, value, x, y) VALUES (19, 8, '2025-09-01', 297.43, 7.3, 5.99);
INSERT INTO metrics (id, entity_id, ts, value, x, y) VALUES (20, 15, '2025-05-01', 464.44, 34.02, 14.37);
INSERT INTO metrics (id, entity_id, ts, value, x, y) VALUES (21, 11, '2025-10-01', 975.37, 13.08, 37.05);
INSERT INTO metrics (id, entity_id, ts, value, x, y) VALUES (22, 18, '2024-12-01', 241.74, 12.25, 44.96);
INSERT INTO metrics (id, entity_id, ts, value, x, y) VALUES (23, 5, '2024-11-01', 290.21, 38.41, 61.54);
INSERT INTO metrics (id, entity_id, ts, value, x, y) VALUES (24, 8, '2025-01-01', 933.75, 72.11, 18.98);
INSERT INTO metrics (id, entity_id, ts, value, x, y) VALUES (25, 6, '2025-06-01', 466.82, 87.91, 49.74);
INSERT INTO metrics (id, entity_id, ts, value, x, y) VALUES (26, 3, '2025-05-01', 457.23, 24.07, 58.33);
INSERT INTO metrics (id, entity_id, ts, value, x, y) VALUES (27, 2, '2024-11-01', 494.89, 88.23, 65.43);
INSERT INTO metrics (id, entity_id, ts, value, x, y) VALUES (28, 16, '2025-03-01', 8.18, 10.75, 13.39);
INSERT INTO metrics (id, entity_id, ts, value, x, y) VALUES (29, 9, '2025-10-01', 763.86, 36.59, 40.06);
INSERT INTO metrics (id, entity_id, ts, value, x, y) VALUES (30, 19, '2025-07-01', 362.52, 28.86, 38.63);
INSERT INTO metrics (id, entity_id, ts, value, x, y) VALUES (31, 15, '2025-11-01', 279.72, 98.91, 68.04);
INSERT INTO metrics (id, entity_id, ts, value, x, y) VALUES (32, 4, '2024-12-01', 393.9, 79.49, 33.91);
INSERT INTO metrics (id, entity_id, ts, value, x, y) VALUES (33, 12, '2025-11-01', 199.06, 50.91, 50.01);
INSERT INTO metrics (id, entity_id, ts, value, x, y) VALUES (34, 2, '2024-10-01', 713.59, 80.4, 51.93);
INSERT INTO metrics (id, entity_id, ts, value, x, y) VALUES (35, 5, '2025-08-01', 139.78, 93.14, 31.85);
INSERT INTO metrics (id, entity_id, ts, value, x, y) VALUES (36, 13, '2025-08-01', 593.72, 50.73, 50.97);
INSERT INTO metrics (id, entity_id, ts, value, x, y) VALUES (37, 16, '2025-10-01', 299.79, 81.57, 36.84);
INSERT INTO metrics (id, entity_id, ts, value, x, y) VALUES (38, 4, '2025-05-01', 307.68, 89.88, 87.21);
INSERT INTO metrics (id, entity_id, ts, value, x, y) VALUES (39, 1, '2025-08-01', 265.53, 65.56, 97.21);
INSERT INTO metrics (id, entity_id, ts, value, x, y) VALUES (40, 19, '2025-08-01', 721.4, 58.35, 17.05);
INSERT INTO metrics (id, entity_id, ts, value, x, y) VALUES (41, 20, '2025-11-01', 147.78, 68.07, 3.16);
INSERT INTO metrics (id, entity_id, ts, value, x, y) VALUES (42, 4, '2025-01-01', 441.04, 41.88, 41.3);
INSERT INTO metrics (id, entity_id, ts, value, x, y) VALUES (43, 7, '2025-05-01', 774.97, 92.05, 87.28);
INSERT INTO metrics (id, entity_id, ts, value, x, y) VALUES (44, 2, '2025-10-01', 518.68, 56.09, 99.81);
INSERT INTO metrics (id, entity_id, ts, value, x, y) VALUES (45, 16, '2025-07-01', 313.75, 17.32, 91.21);
INSERT INTO metrics (id, entity_id, ts, value, x, y) VALUES (46, 11, '2025-07-01', 675.87, 86.77, 68.07);
INSERT INTO metrics (id, entity_id, ts, value, x, y) VALUES (47, 9, '2025-08-01', 192.26, 24.65, 55.81);
INSERT INTO metrics (id, entity_id, ts, value, x, y) VALUES (48, 8, '2025-03-01', 704.9, 69.02, 48.9);
INSERT INTO metrics (id, entity_id, ts, value, x, y) VALUES (49, 16, '2025-04-01', 933.7, 79.54, 27.35);
INSERT INTO metrics (id, entity_id, ts, value, x, y) VALUES (50, 4, '2025-08-01', 379.69, 98.02, 81.84);
INSERT INTO metrics (id, entity_id, ts, value, x, y) VALUES (51, 5, '2025-03-01', 287.63, 71.41, 34.64);
INSERT INTO metrics (id, entity_id, ts, value, x, y) VALUES (52, 15, '2025-09-01', 747.34, 21.4, 82.8);
INSERT INTO metrics (id, entity_id, ts, value, x, y) VALUES (53, 9, '2025-07-01', 137.27, 61.57, 58.68);
INSERT INTO metrics (id, entity_id, ts, value, x, y) VALUES (54, 8, '2024-11-01', 225.67, 23.28, 10.02);
INSERT INTO metrics (id, entity_id, ts, value, x, y) VALUES (55, 11, '2025-10-01', 100.54, 77.08, 0.52);
INSERT INTO metrics (id, entity_id, ts, value, x, y) VALUES (56, 18, '2024-12-01', 652.89, 88.06, 47.57);
INSERT INTO metrics (id, entity_id, ts, value, x, y) VALUES (57, 7, '2025-11-01', 321.17, 64.59, 90.79);
INSERT INTO metrics (id, entity_id, ts, value, x, y) VALUES (58, 3, '2025-09-01', 232.22, 73.87, 85.03);
INSERT INTO metrics (id, entity_id, ts, value, x, y) VALUES (59, 2, '2025-01-01', 882.24, 17.58, 91.96);
INSERT INTO metrics (id, entity_id, ts, value, x, y) VALUES (60, 13, '2025-06-01', 936.61, 96.21, 92.6);
INSERT INTO metrics (id, entity_id, ts, value, x, y) VALUES (61, 2, '2024-10-01', 567.96, 10.73, 98.3);
INSERT INTO metrics (id, entity_id, ts, value, x, y) VALUES (62, 10, '2025-06-01', 543.3, 49.39, 93.86);
INSERT INTO metrics (id, entity_id, ts, value, x, y) VALUES (63, 17, '2025-06-01', 192.81, 11.26, 16.25);
INSERT INTO metrics (id, entity_id, ts, value, x, y) VALUES (64, 15, '2025-09-01', 718.6, 1.41, 33.71);
INSERT INTO metrics (id, entity_id, ts, value, x, y) VALUES (65, 10, '2025-07-01', 175.49, 85.61, 89.7);
INSERT INTO metrics (id, entity_id, ts, value, x, y) VALUES (66, 14, '2025-07-01', 86.74, 66.93, 18.48);
INSERT INTO metrics (id, entity_id, ts, value, x, y) VALUES (67, 5, '2025-06-01', 935.83, 0.68, 38.36);
INSERT INTO metrics (id, entity_id, ts, value, x, y) VALUES (68, 15, '2025-11-01', 954.03, 30.19, 72.29);
INSERT INTO metrics (id, entity_id, ts, value, x, y) VALUES (69, 1, '2025-02-01', 359.55, 23.63, 66.78);
INSERT INTO metrics (id, entity_id, ts, value, x, y) VALUES (70, 15, '2025-03-01', 405.42, 50.25, 89.51);
INSERT INTO metrics (id, entity_id, ts, value, x, y) VALUES (71, 10, '2025-09-01', 638.71, 94.06, 36.75);
INSERT INTO metrics (id, entity_id, ts, value, x, y) VALUES (72, 8, '2025-02-01', 478.18, 45.5, 98.88);
INSERT INTO metrics (id, entity_id, ts, value, x, y) VALUES (73, 12, '2025-05-01', 912.8, 75.74, 80.2);
INSERT INTO metrics (id, entity_id, ts, value, x, y) VALUES (74, 7, '2025-11-01', 680.34, 59.58, 78.74);
INSERT INTO metrics (id, entity_id, ts, value, x, y) VALUES (75, 17, '2025-05-01', 703.77, 7.81, 56.42);
INSERT INTO metrics (id, entity_id, ts, value, x, y) VALUES (76, 2, '2025-07-01', 202.16, 53.67, 16.45);
INSERT INTO metrics (id, entity_id, ts, value, x, y) VALUES (77, 17, '2025-05-01', 680.3, 71.69, 48.88);
INSERT INTO metrics (id, entity_id, ts, value, x, y) VALUES (78, 17, '2025-05-01', 453.43, 51.32, 45.68);
INSERT INTO metrics (id, entity_id, ts, value, x, y) VALUES (79, 2, '2025-07-01', 672.77, 30.82, 2.18);
INSERT INTO metrics (id, entity_id, ts, value, x, y) VALUES (80, 9, '2024-10-01', 578.31, 4.53, 34.45);
INSERT INTO metrics (id, entity_id, ts, value, x, y) VALUES (81, 3, '2025-07-01', 934.58, 6.9, 93.38);
INSERT INTO metrics (id, entity_id, ts, value, x, y) VALUES (82, 2, '2025-03-01', 179.98, 13.54, 64.15);
INSERT INTO metrics (id, entity_id, ts, value, x, y) VALUES (83, 14, '2025-04-01', 448.54, 91.71, 37.75);
INSERT INTO metrics (id, entity_id, ts, value, x, y) VALUES (84, 3, '2025-09-01', 132.99, 86.03, 11.86);
INSERT INTO metrics (id, entity_id, ts, value, x, y) VALUES (85, 18, '2025-05-01', 127.35, 97.87, 83.48);
INSERT INTO metrics (id, entity_id, ts, value, x, y) VALUES (86, 1, '2025-03-01', 673.5, 54.44, 53.19);
INSERT INTO metrics (id, entity_id, ts, value, x, y) VALUES (87, 8, '2025-02-01', 346.16, 27.56, 93.74);
INSERT INTO metrics (id, entity_id, ts, value, x, y) VALUES (88, 4, '2024-10-01', 614.92, 93.62, 88.9);
INSERT INTO metrics (id, entity_id, ts, value, x, y) VALUES (89, 8, '2025-01-01', 100.9, 3.36, 59.78);
INSERT INTO metrics (id, entity_id, ts, value, x, y) VALUES (90, 2, '2025-02-01', 402.27, 23.43, 21.73);
INSERT INTO metrics (id, entity_id, ts, value, x, y) VALUES (91, 2, '2024-12-01', 993.48, 23.42, 91.64);
INSERT INTO metrics (id, entity_id, ts, value, x, y) VALUES (92, 19, '2025-03-01', 597.92, 67.25, 32.07);
INSERT INTO metrics (id, entity_id, ts, value, x, y) VALUES (93, 10, '2024-12-01', 221.04, 30.05, 6.1);
INSERT INTO metrics (id, entity_id, ts, value, x, y) VALUES (94, 19, '2025-10-01', 625.99, 42.72, 49.56);
INSERT INTO metrics (id, entity_id, ts, value, x, y) VALUES (95, 12, '2025-09-01', 785.8, 31.87, 41.63);
INSERT INTO metrics (id, entity_id, ts, value, x, y) VALUES (96, 5, '2025-03-01', 183.88, 53.79, 24.1);
INSERT INTO metrics (id, entity_id, ts, value, x, y) VALUES (97, 8, '2025-03-01', 805.78, 91.47, 56.24);
INSERT INTO metrics (id, entity_id, ts, value, x, y) VALUES (98, 14, '2025-07-01', 134.09, 24.29, 20.33);
INSERT INTO metrics (id, entity_id, ts, value, x, y) VALUES (99, 3, '2025-05-01', 92.46, 72.46, 19.05);
INSERT INTO metrics (id, entity_id, ts, value, x, y) VALUES (100, 9, '2025-04-01', 602.92, 87.36, 18.82);

-- Inserts for user_activity
INSERT INTO user_activity (id, user_id, activity_date) VALUES (1, 25, '2025-09-28');
INSERT INTO user_activity (id, user_id, activity_date) VALUES (2, 7, '2025-08-30');
INSERT INTO user_activity (id, user_id, activity_date) VALUES (3, 28, '2025-07-24');
INSERT INTO user_activity (id, user_id, activity_date) VALUES (4, 30, '2025-05-03');
INSERT INTO user_activity (id, user_id, activity_date) VALUES (5, 30, '2025-06-17');
INSERT INTO user_activity (id, user_id, activity_date) VALUES (6, 24, '2025-11-10');
INSERT INTO user_activity (id, user_id, activity_date) VALUES (7, 30, '2025-07-02');
INSERT INTO user_activity (id, user_id, activity_date) VALUES (8, 23, '2025-06-21');
INSERT INTO user_activity (id, user_id, activity_date) VALUES (9, 30, '2025-07-01');
INSERT INTO user_activity (id, user_id, activity_date) VALUES (10, 11, '2025-11-14');
INSERT INTO user_activity (id, user_id, activity_date) VALUES (11, 13, '2025-08-28');
INSERT INTO user_activity (id, user_id, activity_date) VALUES (12, 21, '2025-07-30');
INSERT INTO user_activity (id, user_id, activity_date) VALUES (13, 9, '2025-08-01');
INSERT INTO user_activity (id, user_id, activity_date) VALUES (14, 29, '2025-09-05');
INSERT INTO user_activity (id, user_id, activity_date) VALUES (15, 4, '2025-11-01');
INSERT INTO user_activity (id, user_id, activity_date) VALUES (16, 25, '2025-07-20');
INSERT INTO user_activity (id, user_id, activity_date) VALUES (17, 12, '2025-07-20');
INSERT INTO user_activity (id, user_id, activity_date) VALUES (18, 2, '2025-09-21');
INSERT INTO user_activity (id, user_id, activity_date) VALUES (19, 24, '2025-06-06');
INSERT INTO user_activity (id, user_id, activity_date) VALUES (20, 9, '2025-09-19');
INSERT INTO user_activity (id, user_id, activity_date) VALUES (21, 19, '2025-11-01');
INSERT INTO user_activity (id, user_id, activity_date) VALUES (22, 10, '2025-06-08');
INSERT INTO user_activity (id, user_id, activity_date) VALUES (23, 11, '2025-06-27');
INSERT INTO user_activity (id, user_id, activity_date) VALUES (24, 19, '2025-07-02');
INSERT INTO user_activity (id, user_id, activity_date) VALUES (25, 18, '2025-10-14');
INSERT INTO user_activity (id, user_id, activity_date) VALUES (26, 9, '2025-11-12');
INSERT INTO user_activity (id, user_id, activity_date) VALUES (27, 24, '2025-10-12');
INSERT INTO user_activity (id, user_id, activity_date) VALUES (28, 15, '2025-06-12');
INSERT INTO user_activity (id, user_id, activity_date) VALUES (29, 6, '2025-06-05');
INSERT INTO user_activity (id, user_id, activity_date) VALUES (30, 16, '2025-06-17');
INSERT INTO user_activity (id, user_id, activity_date) VALUES (31, 21, '2025-05-16');
INSERT INTO user_activity (id, user_id, activity_date) VALUES (32, 2, '2025-05-19');
INSERT INTO user_activity (id, user_id, activity_date) VALUES (33, 25, '2025-05-02');
INSERT INTO user_activity (id, user_id, activity_date) VALUES (34, 5, '2025-10-08');
INSERT INTO user_activity (id, user_id, activity_date) VALUES (35, 3, '2025-10-28');
INSERT INTO user_activity (id, user_id, activity_date) VALUES (36, 1, '2025-06-25');
INSERT INTO user_activity (id, user_id, activity_date) VALUES (37, 15, '2025-08-03');
INSERT INTO user_activity (id, user_id, activity_date) VALUES (38, 20, '2025-10-11');
INSERT INTO user_activity (id, user_id, activity_date) VALUES (39, 30, '2025-09-01');
INSERT INTO user_activity (id, user_id, activity_date) VALUES (40, 1, '2025-05-02');
INSERT INTO user_activity (id, user_id, activity_date) VALUES (41, 18, '2025-08-13');
INSERT INTO user_activity (id, user_id, activity_date) VALUES (42, 1, '2025-09-12');
INSERT INTO user_activity (id, user_id, activity_date) VALUES (43, 18, '2025-07-12');
INSERT INTO user_activity (id, user_id, activity_date) VALUES (44, 17, '2025-10-26');
INSERT INTO user_activity (id, user_id, activity_date) VALUES (45, 26, '2025-06-14');
INSERT INTO user_activity (id, user_id, activity_date) VALUES (46, 30, '2025-05-25');
INSERT INTO user_activity (id, user_id, activity_date) VALUES (47, 5, '2025-06-30');
INSERT INTO user_activity (id, user_id, activity_date) VALUES (48, 20, '2025-09-11');
INSERT INTO user_activity (id, user_id, activity_date) VALUES (49, 27, '2025-07-29');
INSERT INTO user_activity (id, user_id, activity_date) VALUES (50, 26, '2025-08-09');
INSERT INTO user_activity (id, user_id, activity_date) VALUES (51, 12, '2025-08-12');
INSERT INTO user_activity (id, user_id, activity_date) VALUES (52, 19, '2025-07-01');
INSERT INTO user_activity (id, user_id, activity_date) VALUES (53, 10, '2025-10-22');
INSERT INTO user_activity (id, user_id, activity_date) VALUES (54, 21, '2025-10-13');
INSERT INTO user_activity (id, user_id, activity_date) VALUES (55, 3, '2025-08-11');
INSERT INTO user_activity (id, user_id, activity_date) VALUES (56, 13, '2025-09-19');
INSERT INTO user_activity (id, user_id, activity_date) VALUES (57, 2, '2025-10-10');
INSERT INTO user_activity (id, user_id, activity_date) VALUES (58, 23, '2025-06-12');
INSERT INTO user_activity (id, user_id, activity_date) VALUES (59, 16, '2025-08-20');
INSERT INTO user_activity (id, user_id, activity_date) VALUES (60, 26, '2025-07-24');
INSERT INTO user_activity (id, user_id, activity_date) VALUES (61, 28, '2025-05-25');
INSERT INTO user_activity (id, user_id, activity_date) VALUES (62, 30, '2025-05-10');
INSERT INTO user_activity (id, user_id, activity_date) VALUES (63, 7, '2025-10-25');
INSERT INTO user_activity (id, user_id, activity_date) VALUES (64, 16, '2025-07-08');
INSERT INTO user_activity (id, user_id, activity_date) VALUES (65, 30, '2025-05-19');
INSERT INTO user_activity (id, user_id, activity_date) VALUES (66, 29, '2025-09-17');
INSERT INTO user_activity (id, user_id, activity_date) VALUES (67, 22, '2025-05-08');
INSERT INTO user_activity (id, user_id, activity_date) VALUES (68, 30, '2025-07-19');
INSERT INTO user_activity (id, user_id, activity_date) VALUES (69, 7, '2025-09-27');
INSERT INTO user_activity (id, user_id, activity_date) VALUES (70, 25, '2025-10-29');
INSERT INTO user_activity (id, user_id, activity_date) VALUES (71, 30, '2025-05-19');
INSERT INTO user_activity (id, user_id, activity_date) VALUES (72, 6, '2025-09-21');
INSERT INTO user_activity (id, user_id, activity_date) VALUES (73, 19, '2025-08-08');
INSERT INTO user_activity (id, user_id, activity_date) VALUES (74, 11, '2025-08-06');
INSERT INTO user_activity (id, user_id, activity_date) VALUES (75, 26, '2025-10-23');
INSERT INTO user_activity (id, user_id, activity_date) VALUES (76, 17, '2025-11-06');
INSERT INTO user_activity (id, user_id, activity_date) VALUES (77, 2, '2025-05-26');
INSERT INTO user_activity (id, user_id, activity_date) VALUES (78, 8, '2025-05-19');
INSERT INTO user_activity (id, user_id, activity_date) VALUES (79, 20, '2025-11-13');
INSERT INTO user_activity (id, user_id, activity_date) VALUES (80, 20, '2025-08-09');
INSERT INTO user_activity (id, user_id, activity_date) VALUES (81, 1, '2025-10-09');
INSERT INTO user_activity (id, user_id, activity_date) VALUES (82, 26, '2025-08-24');
INSERT INTO user_activity (id, user_id, activity_date) VALUES (83, 8, '2025-07-31');
INSERT INTO user_activity (id, user_id, activity_date) VALUES (84, 13, '2025-08-18');
INSERT INTO user_activity (id, user_id, activity_date) VALUES (85, 22, '2025-09-26');
INSERT INTO user_activity (id, user_id, activity_date) VALUES (86, 3, '2025-11-14');
INSERT INTO user_activity (id, user_id, activity_date) VALUES (87, 10, '2025-07-02');
INSERT INTO user_activity (id, user_id, activity_date) VALUES (88, 3, '2025-07-07');
INSERT INTO user_activity (id, user_id, activity_date) VALUES (89, 13, '2025-10-30');
INSERT INTO user_activity (id, user_id, activity_date) VALUES (90, 5, '2025-11-05');
INSERT INTO user_activity (id, user_id, activity_date) VALUES (91, 11, '2025-07-31');
INSERT INTO user_activity (id, user_id, activity_date) VALUES (92, 3, '2025-05-01');
INSERT INTO user_activity (id, user_id, activity_date) VALUES (93, 15, '2025-07-31');
INSERT INTO user_activity (id, user_id, activity_date) VALUES (94, 4, '2025-06-02');
INSERT INTO user_activity (id, user_id, activity_date) VALUES (95, 6, '2025-08-19');
INSERT INTO user_activity (id, user_id, activity_date) VALUES (96, 18, '2025-09-20');
INSERT INTO user_activity (id, user_id, activity_date) VALUES (97, 14, '2025-05-26');
INSERT INTO user_activity (id, user_id, activity_date) VALUES (98, 3, '2025-07-30');
INSERT INTO user_activity (id, user_id, activity_date) VALUES (99, 3, '2025-09-30');
INSERT INTO user_activity (id, user_id, activity_date) VALUES (100, 26, '2025-07-22');

-- Inserts for tickets
INSERT INTO tickets (ticket_id, created_at) VALUES (1, '2025-05-03 19:41:43');
INSERT INTO tickets (ticket_id, created_at) VALUES (2, '2025-09-24 04:02:32');
INSERT INTO tickets (ticket_id, created_at) VALUES (3, '2025-07-07 20:01:59');
INSERT INTO tickets (ticket_id, created_at) VALUES (4, '2025-08-19 19:07:00');
INSERT INTO tickets (ticket_id, created_at) VALUES (5, '2025-07-03 18:02:51');
INSERT INTO tickets (ticket_id, created_at) VALUES (6, '2025-06-03 20:09:42');
INSERT INTO tickets (ticket_id, created_at) VALUES (7, '2025-08-09 21:09:54');
INSERT INTO tickets (ticket_id, created_at) VALUES (8, '2025-06-03 20:00:28');
INSERT INTO tickets (ticket_id, created_at) VALUES (9, '2025-06-14 23:34:08');
INSERT INTO tickets (ticket_id, created_at) VALUES (10, '2025-05-30 05:35:55');
INSERT INTO tickets (ticket_id, created_at) VALUES (11, '2025-05-07 01:52:35');
INSERT INTO tickets (ticket_id, created_at) VALUES (12, '2025-06-30 18:16:09');
INSERT INTO tickets (ticket_id, created_at) VALUES (13, '2025-08-23 06:50:22');
INSERT INTO tickets (ticket_id, created_at) VALUES (14, '2025-10-25 00:17:57');
INSERT INTO tickets (ticket_id, created_at) VALUES (15, '2025-10-10 12:09:48');
INSERT INTO tickets (ticket_id, created_at) VALUES (16, '2025-06-12 08:37:33');
INSERT INTO tickets (ticket_id, created_at) VALUES (17, '2025-05-27 09:27:12');
INSERT INTO tickets (ticket_id, created_at) VALUES (18, '2025-06-26 03:39:45');
INSERT INTO tickets (ticket_id, created_at) VALUES (19, '2025-08-09 01:55:44');
INSERT INTO tickets (ticket_id, created_at) VALUES (20, '2025-07-15 00:12:52');
INSERT INTO tickets (ticket_id, created_at) VALUES (21, '2025-08-31 21:45:02');
INSERT INTO tickets (ticket_id, created_at) VALUES (22, '2025-05-17 20:00:06');
INSERT INTO tickets (ticket_id, created_at) VALUES (23, '2025-10-28 13:15:34');
INSERT INTO tickets (ticket_id, created_at) VALUES (24, '2025-07-27 08:39:40');
INSERT INTO tickets (ticket_id, created_at) VALUES (25, '2025-06-14 05:09:49');
INSERT INTO tickets (ticket_id, created_at) VALUES (26, '2025-06-28 23:49:00');
INSERT INTO tickets (ticket_id, created_at) VALUES (27, '2025-08-09 10:07:56');
INSERT INTO tickets (ticket_id, created_at) VALUES (28, '2025-10-27 16:53:23');
INSERT INTO tickets (ticket_id, created_at) VALUES (29, '2025-09-14 15:52:35');
INSERT INTO tickets (ticket_id, created_at) VALUES (30, '2025-07-07 02:53:27');
INSERT INTO tickets (ticket_id, created_at) VALUES (31, '2025-10-03 23:21:41');
INSERT INTO tickets (ticket_id, created_at) VALUES (32, '2025-10-05 15:21:03');
INSERT INTO tickets (ticket_id, created_at) VALUES (33, '2025-07-19 13:21:38');
INSERT INTO tickets (ticket_id, created_at) VALUES (34, '2025-10-24 14:12:58');
INSERT INTO tickets (ticket_id, created_at) VALUES (35, '2025-09-24 23:02:23');
INSERT INTO tickets (ticket_id, created_at) VALUES (36, '2025-10-25 08:33:45');
INSERT INTO tickets (ticket_id, created_at) VALUES (37, '2025-10-05 11:01:16');
INSERT INTO tickets (ticket_id, created_at) VALUES (38, '2025-09-07 08:50:49');
INSERT INTO tickets (ticket_id, created_at) VALUES (39, '2025-09-02 15:09:32');
INSERT INTO tickets (ticket_id, created_at) VALUES (40, '2025-05-07 17:05:55');
INSERT INTO tickets (ticket_id, created_at) VALUES (41, '2025-07-12 15:11:37');
INSERT INTO tickets (ticket_id, created_at) VALUES (42, '2025-07-08 04:50:36');
INSERT INTO tickets (ticket_id, created_at) VALUES (43, '2025-08-16 12:47:53');
INSERT INTO tickets (ticket_id, created_at) VALUES (44, '2025-05-23 01:03:19');
INSERT INTO tickets (ticket_id, created_at) VALUES (45, '2025-06-12 07:30:10');
INSERT INTO tickets (ticket_id, created_at) VALUES (46, '2025-09-22 21:50:32');
INSERT INTO tickets (ticket_id, created_at) VALUES (47, '2025-10-27 19:43:26');
INSERT INTO tickets (ticket_id, created_at) VALUES (48, '2025-06-04 00:03:18');
INSERT INTO tickets (ticket_id, created_at) VALUES (49, '2025-09-02 14:14:44');
INSERT INTO tickets (ticket_id, created_at) VALUES (50, '2025-08-05 01:31:33');
INSERT INTO tickets (ticket_id, created_at) VALUES (51, '2025-11-12 12:27:32');
INSERT INTO tickets (ticket_id, created_at) VALUES (52, '2025-09-01 20:59:08');
INSERT INTO tickets (ticket_id, created_at) VALUES (53, '2025-05-17 04:31:38');
INSERT INTO tickets (ticket_id, created_at) VALUES (54, '2025-07-07 20:49:28');
INSERT INTO tickets (ticket_id, created_at) VALUES (55, '2025-07-26 10:49:55');
INSERT INTO tickets (ticket_id, created_at) VALUES (56, '2025-10-08 01:48:08');
INSERT INTO tickets (ticket_id, created_at) VALUES (57, '2025-06-10 01:08:10');
INSERT INTO tickets (ticket_id, created_at) VALUES (58, '2025-10-13 20:03:36');
INSERT INTO tickets (ticket_id, created_at) VALUES (59, '2025-07-03 12:04:13');
INSERT INTO tickets (ticket_id, created_at) VALUES (60, '2025-10-07 20:11:33');
INSERT INTO tickets (ticket_id, created_at) VALUES (61, '2025-08-30 11:54:25');
INSERT INTO tickets (ticket_id, created_at) VALUES (62, '2025-05-02 09:21:46');
INSERT INTO tickets (ticket_id, created_at) VALUES (63, '2025-08-30 11:38:53');
INSERT INTO tickets (ticket_id, created_at) VALUES (64, '2025-07-19 22:27:07');
INSERT INTO tickets (ticket_id, created_at) VALUES (65, '2025-09-21 09:22:40');
INSERT INTO tickets (ticket_id, created_at) VALUES (66, '2025-10-31 16:49:35');
INSERT INTO tickets (ticket_id, created_at) VALUES (67, '2025-10-23 01:10:34');
INSERT INTO tickets (ticket_id, created_at) VALUES (68, '2025-07-29 00:42:10');
INSERT INTO tickets (ticket_id, created_at) VALUES (69, '2025-10-12 12:08:12');
INSERT INTO tickets (ticket_id, created_at) VALUES (70, '2025-06-22 03:55:12');
INSERT INTO tickets (ticket_id, created_at) VALUES (71, '2025-10-12 11:03:22');
INSERT INTO tickets (ticket_id, created_at) VALUES (72, '2025-10-11 06:41:37');
INSERT INTO tickets (ticket_id, created_at) VALUES (73, '2025-05-03 22:12:59');
INSERT INTO tickets (ticket_id, created_at) VALUES (74, '2025-05-05 06:27:16');
INSERT INTO tickets (ticket_id, created_at) VALUES (75, '2025-07-06 16:55:27');
INSERT INTO tickets (ticket_id, created_at) VALUES (76, '2025-05-15 23:33:33');
INSERT INTO tickets (ticket_id, created_at) VALUES (77, '2025-10-26 23:42:57');
INSERT INTO tickets (ticket_id, created_at) VALUES (78, '2025-09-15 04:38:41');
INSERT INTO tickets (ticket_id, created_at) VALUES (79, '2025-05-21 03:41:07');
INSERT INTO tickets (ticket_id, created_at) VALUES (80, '2025-05-14 17:58:14');
INSERT INTO tickets (ticket_id, created_at) VALUES (81, '2025-08-19 13:17:32');
INSERT INTO tickets (ticket_id, created_at) VALUES (82, '2025-05-30 09:31:50');
INSERT INTO tickets (ticket_id, created_at) VALUES (83, '2025-11-16 18:30:30');
INSERT INTO tickets (ticket_id, created_at) VALUES (84, '2025-11-13 10:08:17');
INSERT INTO tickets (ticket_id, created_at) VALUES (85, '2025-05-16 18:38:35');
INSERT INTO tickets (ticket_id, created_at) VALUES (86, '2025-09-05 05:42:32');
INSERT INTO tickets (ticket_id, created_at) VALUES (87, '2025-09-23 13:16:07');
INSERT INTO tickets (ticket_id, created_at) VALUES (88, '2025-05-03 17:58:23');
INSERT INTO tickets (ticket_id, created_at) VALUES (89, '2025-08-01 23:00:47');
INSERT INTO tickets (ticket_id, created_at) VALUES (90, '2025-07-08 11:54:18');
INSERT INTO tickets (ticket_id, created_at) VALUES (91, '2025-06-14 17:11:43');
INSERT INTO tickets (ticket_id, created_at) VALUES (92, '2025-07-22 12:12:52');
INSERT INTO tickets (ticket_id, created_at) VALUES (93, '2025-07-14 05:35:49');
INSERT INTO tickets (ticket_id, created_at) VALUES (94, '2025-11-10 17:59:39');
INSERT INTO tickets (ticket_id, created_at) VALUES (95, '2025-09-15 21:40:56');
INSERT INTO tickets (ticket_id, created_at) VALUES (96, '2025-11-11 09:00:04');
INSERT INTO tickets (ticket_id, created_at) VALUES (97, '2025-09-12 17:44:27');
INSERT INTO tickets (ticket_id, created_at) VALUES (98, '2025-05-23 10:40:04');
INSERT INTO tickets (ticket_id, created_at) VALUES (99, '2025-10-10 23:25:38');
INSERT INTO tickets (ticket_id, created_at) VALUES (100, '2025-09-22 11:20:13');

-- Inserts for responses
INSERT INTO responses (response_id, ticket_id, responder_id, responded_at) VALUES (1, 1, 8, '2025-05-12 06:41:43');
INSERT INTO responses (response_id, ticket_id, responder_id, responded_at) VALUES (2, 2, 5, '2025-09-28 05:02:32');
INSERT INTO responses (response_id, ticket_id, responder_id, responded_at) VALUES (3, 3, 6, '2025-07-09 15:01:59');
INSERT INTO responses (response_id, ticket_id, responder_id, responded_at) VALUES (4, 4, 12, '2025-08-23 09:07:00');
INSERT INTO responses (response_id, ticket_id, responder_id, responded_at) VALUES (5, 5, 20, '2025-07-15 10:02:51');
INSERT INTO responses (response_id, ticket_id, responder_id, responded_at) VALUES (6, 5, 4, '2025-07-11 20:02:51');
INSERT INTO responses (response_id, ticket_id, responder_id, responded_at) VALUES (7, 7, 15, '2025-08-16 22:09:54');
INSERT INTO responses (response_id, ticket_id, responder_id, responded_at) VALUES (8, 7, 20, '2025-08-17 16:09:54');
INSERT INTO responses (response_id, ticket_id, responder_id, responded_at) VALUES (9, 8, 11, '2025-06-11 22:00:28');
INSERT INTO responses (response_id, ticket_id, responder_id, responded_at) VALUES (10, 9, 16, '2025-06-26 13:34:08');
INSERT INTO responses (response_id, ticket_id, responder_id, responded_at) VALUES (11, 9, 13, '2025-06-21 07:34:08');
INSERT INTO responses (response_id, ticket_id, responder_id, responded_at) VALUES (12, 9, 12, '2025-06-22 11:34:08');
INSERT INTO responses (response_id, ticket_id, responder_id, responded_at) VALUES (13, 10, 18, '2025-06-04 03:35:55');
INSERT INTO responses (response_id, ticket_id, responder_id, responded_at) VALUES (14, 11, 10, '2025-05-15 04:52:35');
INSERT INTO responses (response_id, ticket_id, responder_id, responded_at) VALUES (15, 11, 16, '2025-05-13 10:52:35');
INSERT INTO responses (response_id, ticket_id, responder_id, responded_at) VALUES (16, 11, 10, '2025-05-17 19:52:35');
INSERT INTO responses (response_id, ticket_id, responder_id, responded_at) VALUES (17, 12, 3, '2025-07-09 01:16:09');
INSERT INTO responses (response_id, ticket_id, responder_id, responded_at) VALUES (18, 13, 17, '2025-09-02 10:50:22');
INSERT INTO responses (response_id, ticket_id, responder_id, responded_at) VALUES (19, 14, 20, '2025-11-03 23:17:57');
INSERT INTO responses (response_id, ticket_id, responder_id, responded_at) VALUES (20, 15, 12, '2025-10-21 20:09:48');
INSERT INTO responses (response_id, ticket_id, responder_id, responded_at) VALUES (21, 16, 14, '2025-06-19 12:37:33');
INSERT INTO responses (response_id, ticket_id, responder_id, responded_at) VALUES (22, 18, 19, '2025-07-08 03:39:45');
INSERT INTO responses (response_id, ticket_id, responder_id, responded_at) VALUES (23, 18, 12, '2025-07-04 08:39:45');
INSERT INTO responses (response_id, ticket_id, responder_id, responded_at) VALUES (24, 19, 12, '2025-08-13 18:55:44');
INSERT INTO responses (response_id, ticket_id, responder_id, responded_at) VALUES (25, 19, 4, '2025-08-16 05:55:44');
INSERT INTO responses (response_id, ticket_id, responder_id, responded_at) VALUES (26, 20, 5, '2025-07-16 11:12:52');
INSERT INTO responses (response_id, ticket_id, responder_id, responded_at) VALUES (27, 20, 11, '2025-07-20 21:12:52');
INSERT INTO responses (response_id, ticket_id, responder_id, responded_at) VALUES (28, 20, 17, '2025-07-20 11:12:52');
INSERT INTO responses (response_id, ticket_id, responder_id, responded_at) VALUES (29, 21, 11, '2025-09-10 06:45:02');
INSERT INTO responses (response_id, ticket_id, responder_id, responded_at) VALUES (30, 24, 17, '2025-07-31 06:39:40');
INSERT INTO responses (response_id, ticket_id, responder_id, responded_at) VALUES (31, 25, 15, '2025-06-23 05:09:49');
INSERT INTO responses (response_id, ticket_id, responder_id, responded_at) VALUES (32, 26, 14, '2025-07-09 23:49:00');
INSERT INTO responses (response_id, ticket_id, responder_id, responded_at) VALUES (33, 27, 19, '2025-08-17 12:07:56');
INSERT INTO responses (response_id, ticket_id, responder_id, responded_at) VALUES (34, 27, 1, '2025-08-17 17:07:56');
INSERT INTO responses (response_id, ticket_id, responder_id, responded_at) VALUES (35, 28, 4, '2025-11-06 01:53:23');
INSERT INTO responses (response_id, ticket_id, responder_id, responded_at) VALUES (36, 29, 4, '2025-09-22 17:52:35');
INSERT INTO responses (response_id, ticket_id, responder_id, responded_at) VALUES (37, 30, 13, '2025-07-17 19:53:27');
INSERT INTO responses (response_id, ticket_id, responder_id, responded_at) VALUES (38, 31, 15, '2025-10-10 20:21:41');
INSERT INTO responses (response_id, ticket_id, responder_id, responded_at) VALUES (39, 32, 19, '2025-10-16 06:21:03');
INSERT INTO responses (response_id, ticket_id, responder_id, responded_at) VALUES (40, 32, 5, '2025-10-16 02:21:03');
INSERT INTO responses (response_id, ticket_id, responder_id, responded_at) VALUES (41, 33, 12, '2025-07-22 04:21:38');
INSERT INTO responses (response_id, ticket_id, responder_id, responded_at) VALUES (42, 34, 5, '2025-11-04 20:12:58');
INSERT INTO responses (response_id, ticket_id, responder_id, responded_at) VALUES (43, 35, 18, '2025-10-07 14:02:23');
INSERT INTO responses (response_id, ticket_id, responder_id, responded_at) VALUES (44, 36, 6, '2025-11-03 07:33:45');
INSERT INTO responses (response_id, ticket_id, responder_id, responded_at) VALUES (45, 36, 5, '2025-10-31 23:33:45');
INSERT INTO responses (response_id, ticket_id, responder_id, responded_at) VALUES (46, 36, 15, '2025-10-31 08:33:45');
INSERT INTO responses (response_id, ticket_id, responder_id, responded_at) VALUES (47, 37, 5, '2025-10-12 13:01:16');
INSERT INTO responses (response_id, ticket_id, responder_id, responded_at) VALUES (48, 37, 18, '2025-10-12 12:01:16');
INSERT INTO responses (response_id, ticket_id, responder_id, responded_at) VALUES (49, 38, 15, '2025-09-15 23:50:49');
INSERT INTO responses (response_id, ticket_id, responder_id, responded_at) VALUES (50, 40, 18, '2025-05-12 05:05:55');
INSERT INTO responses (response_id, ticket_id, responder_id, responded_at) VALUES (51, 41, 17, '2025-07-23 07:11:37');
INSERT INTO responses (response_id, ticket_id, responder_id, responded_at) VALUES (52, 41, 4, '2025-07-22 06:11:37');
INSERT INTO responses (response_id, ticket_id, responder_id, responded_at) VALUES (53, 42, 2, '2025-07-18 03:50:36');
INSERT INTO responses (response_id, ticket_id, responder_id, responded_at) VALUES (54, 42, 7, '2025-07-18 13:50:36');
INSERT INTO responses (response_id, ticket_id, responder_id, responded_at) VALUES (55, 43, 2, '2025-08-21 20:47:53');
INSERT INTO responses (response_id, ticket_id, responder_id, responded_at) VALUES (56, 43, 12, '2025-08-22 22:47:53');
INSERT INTO responses (response_id, ticket_id, responder_id, responded_at) VALUES (57, 44, 7, '2025-05-26 17:03:19');
INSERT INTO responses (response_id, ticket_id, responder_id, responded_at) VALUES (58, 44, 14, '2025-06-02 22:03:19');
INSERT INTO responses (response_id, ticket_id, responder_id, responded_at) VALUES (59, 45, 2, '2025-06-16 10:30:10');
INSERT INTO responses (response_id, ticket_id, responder_id, responded_at) VALUES (60, 46, 11, '2025-09-27 18:50:32');
INSERT INTO responses (response_id, ticket_id, responder_id, responded_at) VALUES (61, 47, 4, '2025-11-06 06:43:26');
INSERT INTO responses (response_id, ticket_id, responder_id, responded_at) VALUES (62, 48, 5, '2025-06-15 12:03:18');
INSERT INTO responses (response_id, ticket_id, responder_id, responded_at) VALUES (63, 48, 5, '2025-06-07 17:03:18');
INSERT INTO responses (response_id, ticket_id, responder_id, responded_at) VALUES (64, 48, 13, '2025-06-08 18:03:18');
INSERT INTO responses (response_id, ticket_id, responder_id, responded_at) VALUES (65, 49, 14, '2025-09-14 01:14:44');
INSERT INTO responses (response_id, ticket_id, responder_id, responded_at) VALUES (66, 51, 15, '2025-11-19 00:27:32');
INSERT INTO responses (response_id, ticket_id, responder_id, responded_at) VALUES (67, 52, 12, '2025-09-09 08:59:08');
INSERT INTO responses (response_id, ticket_id, responder_id, responded_at) VALUES (68, 53, 16, '2025-05-22 11:31:38');
INSERT INTO responses (response_id, ticket_id, responder_id, responded_at) VALUES (69, 54, 19, '2025-07-17 16:49:28');
INSERT INTO responses (response_id, ticket_id, responder_id, responded_at) VALUES (70, 54, 16, '2025-07-17 13:49:28');
INSERT INTO responses (response_id, ticket_id, responder_id, responded_at) VALUES (71, 57, 5, '2025-06-15 08:08:10');
INSERT INTO responses (response_id, ticket_id, responder_id, responded_at) VALUES (72, 58, 12, '2025-10-16 08:03:36');
INSERT INTO responses (response_id, ticket_id, responder_id, responded_at) VALUES (73, 59, 13, '2025-07-04 10:04:13');
INSERT INTO responses (response_id, ticket_id, responder_id, responded_at) VALUES (74, 60, 3, '2025-10-15 02:11:33');
INSERT INTO responses (response_id, ticket_id, responder_id, responded_at) VALUES (75, 60, 7, '2025-10-08 09:11:33');
INSERT INTO responses (response_id, ticket_id, responder_id, responded_at) VALUES (76, 61, 15, '2025-09-08 16:54:25');
INSERT INTO responses (response_id, ticket_id, responder_id, responded_at) VALUES (77, 62, 5, '2025-05-09 01:21:46');
INSERT INTO responses (response_id, ticket_id, responder_id, responded_at) VALUES (78, 63, 4, '2025-08-31 23:38:53');
INSERT INTO responses (response_id, ticket_id, responder_id, responded_at) VALUES (79, 64, 5, '2025-07-26 16:27:07');
INSERT INTO responses (response_id, ticket_id, responder_id, responded_at) VALUES (80, 64, 17, '2025-07-21 17:27:07');
INSERT INTO responses (response_id, ticket_id, responder_id, responded_at) VALUES (81, 65, 12, '2025-09-29 07:22:40');
INSERT INTO responses (response_id, ticket_id, responder_id, responded_at) VALUES (82, 66, 20, '2025-11-07 12:49:35');
INSERT INTO responses (response_id, ticket_id, responder_id, responded_at) VALUES (83, 67, 5, '2025-10-24 13:10:34');
INSERT INTO responses (response_id, ticket_id, responder_id, responded_at) VALUES (84, 67, 13, '2025-11-01 17:10:34');
INSERT INTO responses (response_id, ticket_id, responder_id, responded_at) VALUES (85, 68, 9, '2025-08-01 18:42:10');
INSERT INTO responses (response_id, ticket_id, responder_id, responded_at) VALUES (86, 69, 10, '2025-10-14 01:08:12');
INSERT INTO responses (response_id, ticket_id, responder_id, responded_at) VALUES (87, 70, 10, '2025-06-29 04:55:12');
INSERT INTO responses (response_id, ticket_id, responder_id, responded_at) VALUES (88, 71, 13, '2025-10-20 18:03:22');
INSERT INTO responses (response_id, ticket_id, responder_id, responded_at) VALUES (89, 71, 16, '2025-10-16 02:03:22');
INSERT INTO responses (response_id, ticket_id, responder_id, responded_at) VALUES (90, 73, 19, '2025-05-10 15:12:59');
INSERT INTO responses (response_id, ticket_id, responder_id, responded_at) VALUES (91, 73, 18, '2025-05-11 04:12:59');
INSERT INTO responses (response_id, ticket_id, responder_id, responded_at) VALUES (92, 73, 3, '2025-05-11 21:12:59');
INSERT INTO responses (response_id, ticket_id, responder_id, responded_at) VALUES (93, 76, 14, '2025-05-24 16:33:33');
INSERT INTO responses (response_id, ticket_id, responder_id, responded_at) VALUES (94, 78, 10, '2025-09-17 16:38:41');
INSERT INTO responses (response_id, ticket_id, responder_id, responded_at) VALUES (95, 79, 11, '2025-05-29 23:41:07');
INSERT INTO responses (response_id, ticket_id, responder_id, responded_at) VALUES (96, 79, 3, '2025-06-01 06:41:07');
INSERT INTO responses (response_id, ticket_id, responder_id, responded_at) VALUES (97, 79, 8, '2025-05-28 19:41:07');
INSERT INTO responses (response_id, ticket_id, responder_id, responded_at) VALUES (98, 81, 6, '2025-08-23 21:17:32');
INSERT INTO responses (response_id, ticket_id, responder_id, responded_at) VALUES (99, 82, 16, '2025-06-01 11:31:50');
INSERT INTO responses (response_id, ticket_id, responder_id, responded_at) VALUES (100, 82, 17, '2025-06-09 06:31:50');
INSERT INTO responses (response_id, ticket_id, responder_id, responded_at) VALUES (101, 83, 4, '2025-11-21 11:30:30');
INSERT INTO responses (response_id, ticket_id, responder_id, responded_at) VALUES (102, 84, 17, '2025-11-19 17:08:17');
INSERT INTO responses (response_id, ticket_id, responder_id, responded_at) VALUES (103, 85, 15, '2025-05-24 04:38:35');
INSERT INTO responses (response_id, ticket_id, responder_id, responded_at) VALUES (104, 85, 2, '2025-05-24 12:38:35');
INSERT INTO responses (response_id, ticket_id, responder_id, responded_at) VALUES (105, 86, 4, '2025-09-10 02:42:32');
INSERT INTO responses (response_id, ticket_id, responder_id, responded_at) VALUES (106, 87, 2, '2025-09-26 07:16:07');
INSERT INTO responses (response_id, ticket_id, responder_id, responded_at) VALUES (107, 89, 18, '2025-08-02 22:00:47');
INSERT INTO responses (response_id, ticket_id, responder_id, responded_at) VALUES (108, 89, 11, '2025-08-07 05:00:47');
INSERT INTO responses (response_id, ticket_id, responder_id, responded_at) VALUES (109, 89, 11, '2025-08-09 07:00:47');
INSERT INTO responses (response_id, ticket_id, responder_id, responded_at) VALUES (110, 90, 2, '2025-07-17 03:54:18');
INSERT INTO responses (response_id, ticket_id, responder_id, responded_at) VALUES (111, 91, 3, '2025-06-20 23:11:43');
INSERT INTO responses (response_id, ticket_id, responder_id, responded_at) VALUES (112, 91, 10, '2025-06-21 05:11:43');
INSERT INTO responses (response_id, ticket_id, responder_id, responded_at) VALUES (113, 92, 7, '2025-07-27 14:12:52');
INSERT INTO responses (response_id, ticket_id, responder_id, responded_at) VALUES (114, 93, 12, '2025-07-22 13:35:49');
INSERT INTO responses (response_id, ticket_id, responder_id, responded_at) VALUES (115, 93, 18, '2025-07-19 21:35:49');
INSERT INTO responses (response_id, ticket_id, responder_id, responded_at) VALUES (116, 94, 8, '2025-11-12 22:59:39');
INSERT INTO responses (response_id, ticket_id, responder_id, responded_at) VALUES (117, 95, 1, '2025-09-20 23:40:56');
INSERT INTO responses (response_id, ticket_id, responder_id, responded_at) VALUES (118, 96, 7, '2025-11-14 01:00:04');
INSERT INTO responses (response_id, ticket_id, responder_id, responded_at) VALUES (119, 97, 9, '2025-09-15 01:44:27');
INSERT INTO responses (response_id, ticket_id, responder_id, responded_at) VALUES (120, 98, 12, '2025-06-01 05:40:04');
INSERT INTO responses (response_id, ticket_id, responder_id, responded_at) VALUES (121, 98, 19, '2025-05-26 21:40:04');
INSERT INTO responses (response_id, ticket_id, responder_id, responded_at) VALUES (122, 98, 5, '2025-05-31 23:40:04');
INSERT INTO responses (response_id, ticket_id, responder_id, responded_at) VALUES (123, 100, 10, '2025-09-26 04:20:13');

-- Inserts for snapshot_old
INSERT INTO snapshot_old (id, col1, col2, updated_at) VALUES (1, 'old_val1_1', 267, '2025-07-10 20:32:18');
INSERT INTO snapshot_old (id, col1, col2, updated_at) VALUES (2, 'old_val1_2', 402, '2025-02-06 20:56:52');
INSERT INTO snapshot_old (id, col1, col2, updated_at) VALUES (3, 'old_val1_3', 798, '2025-04-19 06:21:28');
INSERT INTO snapshot_old (id, col1, col2, updated_at) VALUES (4, 'old_val1_4', 416, '2023-06-24 04:34:54');
INSERT INTO snapshot_old (id, col1, col2, updated_at) VALUES (5, 'old_val1_5', 271, '2025-07-11 13:26:07');
INSERT INTO snapshot_old (id, col1, col2, updated_at) VALUES (6, 'old_val1_6', 41, '2023-09-28 21:00:14');
INSERT INTO snapshot_old (id, col1, col2, updated_at) VALUES (7, 'old_val1_7', 525, '2023-04-11 19:56:59');
INSERT INTO snapshot_old (id, col1, col2, updated_at) VALUES (8, 'old_val1_8', 569, '2025-03-28 05:05:55');
INSERT INTO snapshot_old (id, col1, col2, updated_at) VALUES (9, 'old_val1_9', 12, '2023-04-24 17:09:45');
INSERT INTO snapshot_old (id, col1, col2, updated_at) VALUES (10, 'old_val1_10', 960, '2024-12-11 12:07:45');
INSERT INTO snapshot_old (id, col1, col2, updated_at) VALUES (11, 'old_val1_11', 66, '2023-09-11 08:35:20');
INSERT INTO snapshot_old (id, col1, col2, updated_at) VALUES (12, 'old_val1_12', 43, '2024-06-06 10:54:47');
INSERT INTO snapshot_old (id, col1, col2, updated_at) VALUES (13, 'old_val1_13', 508, '2023-03-22 23:00:15');
INSERT INTO snapshot_old (id, col1, col2, updated_at) VALUES (14, 'old_val1_14', 286, '2024-05-21 14:28:51');
INSERT INTO snapshot_old (id, col1, col2, updated_at) VALUES (15, 'old_val1_15', 510, '2024-04-17 05:07:09');
INSERT INTO snapshot_old (id, col1, col2, updated_at) VALUES (16, 'old_val1_16', 204, '2024-12-10 04:12:49');
INSERT INTO snapshot_old (id, col1, col2, updated_at) VALUES (17, 'old_val1_17', 800, '2025-02-19 22:08:39');
INSERT INTO snapshot_old (id, col1, col2, updated_at) VALUES (18, 'old_val1_18', 329, '2024-03-23 18:54:56');
INSERT INTO snapshot_old (id, col1, col2, updated_at) VALUES (19, 'old_val1_19', 59, '2025-05-29 02:14:34');
INSERT INTO snapshot_old (id, col1, col2, updated_at) VALUES (20, 'old_val1_20', 253, '2024-12-23 17:50:58');
INSERT INTO snapshot_old (id, col1, col2, updated_at) VALUES (21, 'old_val1_21', 782, '2023-10-03 06:01:47');
INSERT INTO snapshot_old (id, col1, col2, updated_at) VALUES (22, 'old_val1_22', 816, '2024-03-23 21:59:14');
INSERT INTO snapshot_old (id, col1, col2, updated_at) VALUES (23, 'old_val1_23', 865, '2023-08-16 15:28:51');
INSERT INTO snapshot_old (id, col1, col2, updated_at) VALUES (24, 'old_val1_24', 935, '2024-10-17 10:05:47');
INSERT INTO snapshot_old (id, col1, col2, updated_at) VALUES (25, 'old_val1_25', 576, '2023-09-01 02:59:27');
INSERT INTO snapshot_old (id, col1, col2, updated_at) VALUES (26, 'old_val1_26', 238, '2024-10-28 17:02:09');
INSERT INTO snapshot_old (id, col1, col2, updated_at) VALUES (27, 'old_val1_27', 825, '2023-07-03 21:28:33');
INSERT INTO snapshot_old (id, col1, col2, updated_at) VALUES (28, 'old_val1_28', 22, '2023-07-22 06:25:38');
INSERT INTO snapshot_old (id, col1, col2, updated_at) VALUES (29, 'old_val1_29', 983, '2023-05-05 22:40:17');
INSERT INTO snapshot_old (id, col1, col2, updated_at) VALUES (30, 'old_val1_30', 309, '2024-01-16 14:02:14');
INSERT INTO snapshot_old (id, col1, col2, updated_at) VALUES (31, 'old_val1_31', 749, '2024-05-13 08:20:39');
INSERT INTO snapshot_old (id, col1, col2, updated_at) VALUES (32, 'old_val1_32', 664, '2024-01-10 15:24:43');
INSERT INTO snapshot_old (id, col1, col2, updated_at) VALUES (33, 'old_val1_33', 228, '2025-01-02 06:30:44');
INSERT INTO snapshot_old (id, col1, col2, updated_at) VALUES (34, 'old_val1_34', 387, '2023-12-31 19:47:32');
INSERT INTO snapshot_old (id, col1, col2, updated_at) VALUES (35, 'old_val1_35', 400, '2025-07-11 05:43:51');
INSERT INTO snapshot_old (id, col1, col2, updated_at) VALUES (36, 'old_val1_36', 654, '2024-09-21 12:51:35');
INSERT INTO snapshot_old (id, col1, col2, updated_at) VALUES (37, 'old_val1_37', 144, '2024-01-25 11:54:08');
INSERT INTO snapshot_old (id, col1, col2, updated_at) VALUES (38, 'old_val1_38', 841, '2025-02-15 08:20:18');
INSERT INTO snapshot_old (id, col1, col2, updated_at) VALUES (39, 'old_val1_39', 255, '2025-01-29 11:32:15');
INSERT INTO snapshot_old (id, col1, col2, updated_at) VALUES (40, 'old_val1_40', 395, '2024-05-14 00:20:54');
INSERT INTO snapshot_old (id, col1, col2, updated_at) VALUES (41, 'old_val1_41', 905, '2024-04-19 03:01:19');
INSERT INTO snapshot_old (id, col1, col2, updated_at) VALUES (42, 'old_val1_42', 359, '2024-09-01 22:44:07');
INSERT INTO snapshot_old (id, col1, col2, updated_at) VALUES (43, 'old_val1_43', 776, '2025-01-23 17:16:57');
INSERT INTO snapshot_old (id, col1, col2, updated_at) VALUES (44, 'old_val1_44', 20, '2024-01-12 18:34:36');
INSERT INTO snapshot_old (id, col1, col2, updated_at) VALUES (45, 'old_val1_45', 75, '2024-02-05 15:15:46');
INSERT INTO snapshot_old (id, col1, col2, updated_at) VALUES (46, 'old_val1_46', 164, '2025-03-10 11:48:00');
INSERT INTO snapshot_old (id, col1, col2, updated_at) VALUES (47, 'old_val1_47', 628, '2024-06-28 10:11:52');
INSERT INTO snapshot_old (id, col1, col2, updated_at) VALUES (48, 'old_val1_48', 54, '2023-06-03 21:07:27');
INSERT INTO snapshot_old (id, col1, col2, updated_at) VALUES (49, 'old_val1_49', 271, '2024-12-27 19:19:09');
INSERT INTO snapshot_old (id, col1, col2, updated_at) VALUES (50, 'old_val1_50', 860, '2024-07-06 14:39:41');
INSERT INTO snapshot_old (id, col1, col2, updated_at) VALUES (51, 'old_val1_51', 614, '2024-06-25 16:20:21');
INSERT INTO snapshot_old (id, col1, col2, updated_at) VALUES (52, 'old_val1_52', 484, '2025-07-03 13:16:29');
INSERT INTO snapshot_old (id, col1, col2, updated_at) VALUES (53, 'old_val1_53', 93, '2024-12-09 04:52:49');
INSERT INTO snapshot_old (id, col1, col2, updated_at) VALUES (54, 'old_val1_54', 456, '2023-04-06 18:39:20');
INSERT INTO snapshot_old (id, col1, col2, updated_at) VALUES (55, 'old_val1_55', 63, '2023-07-24 12:35:25');
INSERT INTO snapshot_old (id, col1, col2, updated_at) VALUES (56, 'old_val1_56', 232, '2024-09-08 11:17:23');
INSERT INTO snapshot_old (id, col1, col2, updated_at) VALUES (57, 'old_val1_57', 838, '2024-08-09 00:18:40');
INSERT INTO snapshot_old (id, col1, col2, updated_at) VALUES (58, 'old_val1_58', 703, '2025-07-27 02:21:26');
INSERT INTO snapshot_old (id, col1, col2, updated_at) VALUES (59, 'old_val1_59', 924, '2025-07-13 10:20:01');
INSERT INTO snapshot_old (id, col1, col2, updated_at) VALUES (60, 'old_val1_60', 150, '2023-06-24 01:25:06');
INSERT INTO snapshot_old (id, col1, col2, updated_at) VALUES (61, 'old_val1_61', 129, '2023-04-05 00:29:02');
INSERT INTO snapshot_old (id, col1, col2, updated_at) VALUES (62, 'old_val1_62', 854, '2024-10-21 18:27:31');
INSERT INTO snapshot_old (id, col1, col2, updated_at) VALUES (63, 'old_val1_63', 397, '2024-09-11 23:32:12');
INSERT INTO snapshot_old (id, col1, col2, updated_at) VALUES (64, 'old_val1_64', 805, '2025-02-07 07:45:15');
INSERT INTO snapshot_old (id, col1, col2, updated_at) VALUES (65, 'old_val1_65', 151, '2024-09-23 06:28:31');
INSERT INTO snapshot_old (id, col1, col2, updated_at) VALUES (66, 'old_val1_66', 798, '2023-06-03 19:29:08');
INSERT INTO snapshot_old (id, col1, col2, updated_at) VALUES (67, 'old_val1_67', 901, '2024-02-08 00:01:46');
INSERT INTO snapshot_old (id, col1, col2, updated_at) VALUES (68, 'old_val1_68', 38, '2023-08-15 19:05:49');
INSERT INTO snapshot_old (id, col1, col2, updated_at) VALUES (69, 'old_val1_69', 39, '2024-03-31 21:08:19');
INSERT INTO snapshot_old (id, col1, col2, updated_at) VALUES (70, 'old_val1_70', 20, '2024-01-31 20:06:12');
INSERT INTO snapshot_old (id, col1, col2, updated_at) VALUES (71, 'old_val1_71', 995, '2025-07-28 17:22:08');
INSERT INTO snapshot_old (id, col1, col2, updated_at) VALUES (72, 'old_val1_72', 275, '2025-03-08 00:14:37');
INSERT INTO snapshot_old (id, col1, col2, updated_at) VALUES (73, 'old_val1_73', 758, '2024-07-01 03:52:28');
INSERT INTO snapshot_old (id, col1, col2, updated_at) VALUES (74, 'old_val1_74', 840, '2023-04-19 03:49:47');
INSERT INTO snapshot_old (id, col1, col2, updated_at) VALUES (75, 'old_val1_75', 138, '2025-04-30 04:09:29');
INSERT INTO snapshot_old (id, col1, col2, updated_at) VALUES (76, 'old_val1_76', 29, '2023-08-16 16:05:15');
INSERT INTO snapshot_old (id, col1, col2, updated_at) VALUES (77, 'old_val1_77', 205, '2025-06-26 11:10:03');
INSERT INTO snapshot_old (id, col1, col2, updated_at) VALUES (78, 'old_val1_78', 280, '2024-03-04 01:58:16');
INSERT INTO snapshot_old (id, col1, col2, updated_at) VALUES (79, 'old_val1_79', 247, '2024-03-08 02:51:56');
INSERT INTO snapshot_old (id, col1, col2, updated_at) VALUES (80, 'old_val1_80', 564, '2024-02-13 21:36:11');
INSERT INTO snapshot_old (id, col1, col2, updated_at) VALUES (81, 'old_val1_81', 291, '2023-03-20 23:08:37');
INSERT INTO snapshot_old (id, col1, col2, updated_at) VALUES (82, 'old_val1_82', 662, '2023-10-08 16:35:46');
INSERT INTO snapshot_old (id, col1, col2, updated_at) VALUES (83, 'old_val1_83', 485, '2023-07-06 08:38:22');
INSERT INTO snapshot_old (id, col1, col2, updated_at) VALUES (84, 'old_val1_84', 824, '2023-12-30 08:28:15');
INSERT INTO snapshot_old (id, col1, col2, updated_at) VALUES (85, 'old_val1_85', 258, '2023-10-02 02:03:41');
INSERT INTO snapshot_old (id, col1, col2, updated_at) VALUES (86, 'old_val1_86', 104, '2023-02-28 03:41:35');
INSERT INTO snapshot_old (id, col1, col2, updated_at) VALUES (87, 'old_val1_87', 989, '2025-07-02 22:41:41');
INSERT INTO snapshot_old (id, col1, col2, updated_at) VALUES (88, 'old_val1_88', 493, '2023-04-26 21:18:47');
INSERT INTO snapshot_old (id, col1, col2, updated_at) VALUES (89, 'old_val1_89', 655, '2024-01-18 19:09:01');
INSERT INTO snapshot_old (id, col1, col2, updated_at) VALUES (90, 'old_val1_90', 192, '2023-07-24 03:54:12');
INSERT INTO snapshot_old (id, col1, col2, updated_at) VALUES (91, 'old_val1_91', 676, '2024-01-13 14:09:50');
INSERT INTO snapshot_old (id, col1, col2, updated_at) VALUES (92, 'old_val1_92', 414, '2024-03-23 10:21:19');
INSERT INTO snapshot_old (id, col1, col2, updated_at) VALUES (93, 'old_val1_93', 743, '2025-02-19 17:09:55');
INSERT INTO snapshot_old (id, col1, col2, updated_at) VALUES (94, 'old_val1_94', 519, '2023-12-24 15:15:30');
INSERT INTO snapshot_old (id, col1, col2, updated_at) VALUES (95, 'old_val1_95', 897, '2024-09-13 15:39:51');
INSERT INTO snapshot_old (id, col1, col2, updated_at) VALUES (96, 'old_val1_96', 781, '2023-08-26 21:17:22');
INSERT INTO snapshot_old (id, col1, col2, updated_at) VALUES (97, 'old_val1_97', 430, '2025-05-07 21:07:56');
INSERT INTO snapshot_old (id, col1, col2, updated_at) VALUES (98, 'old_val1_98', 54, '2025-07-27 08:10:01');
INSERT INTO snapshot_old (id, col1, col2, updated_at) VALUES (99, 'old_val1_99', 512, '2023-06-22 22:57:56');
INSERT INTO snapshot_old (id, col1, col2, updated_at) VALUES (100, 'old_val1_100', 205, '2024-02-05 23:58:03');

-- Inserts for snapshot_new
INSERT INTO snapshot_new (id, col1, col2, updated_at) VALUES (2, 'new_val1_2', 76, '2025-06-20 14:01:30');
INSERT INTO snapshot_new (id, col1, col2, updated_at) VALUES (3, 'new_val1_3', 460, '2025-08-27 20:30:10');
INSERT INTO snapshot_new (id, col1, col2, updated_at) VALUES (4, 'old_val1_4', 462, '2025-07-18 01:56:21');
INSERT INTO snapshot_new (id, col1, col2, updated_at) VALUES (5, 'old_val1_5', 311, '2025-10-28 07:02:06');
INSERT INTO snapshot_new (id, col1, col2, updated_at) VALUES (6, 'old_val1_6', 991, '2025-07-30 23:29:46');
INSERT INTO snapshot_new (id, col1, col2, updated_at) VALUES (7, 'old_val1_7', 31, '2025-08-12 01:32:00');
INSERT INTO snapshot_new (id, col1, col2, updated_at) VALUES (8, 'old_val1_8', 823, '2025-06-04 13:29:29');
INSERT INTO snapshot_new (id, col1, col2, updated_at) VALUES (9, 'old_val1_9', 381, '2025-10-23 08:01:04');
INSERT INTO snapshot_new (id, col1, col2, updated_at) VALUES (10, 'new_val1_10', 832, '2025-05-19 09:51:47');
INSERT INTO snapshot_new (id, col1, col2, updated_at) VALUES (11, 'new_val1_11', 926, '2025-07-23 13:31:49');
INSERT INTO snapshot_new (id, col1, col2, updated_at) VALUES (12, 'old_val1_12', 841, '2025-11-01 23:27:03');
INSERT INTO snapshot_new (id, col1, col2, updated_at) VALUES (13, 'new_val1_13', 219, '2025-06-16 19:04:52');
INSERT INTO snapshot_new (id, col1, col2, updated_at) VALUES (14, 'old_val1_14', 251, '2025-10-12 19:48:50');
INSERT INTO snapshot_new (id, col1, col2, updated_at) VALUES (15, 'new_val1_15', 392, '2025-06-05 00:19:59');
INSERT INTO snapshot_new (id, col1, col2, updated_at) VALUES (16, 'old_val1_16', 556, '2025-05-04 22:59:44');
INSERT INTO snapshot_new (id, col1, col2, updated_at) VALUES (17, 'old_val1_17', 352, '2025-09-22 03:21:39');
INSERT INTO snapshot_new (id, col1, col2, updated_at) VALUES (18, 'old_val1_18', 224, '2025-05-07 19:17:52');
INSERT INTO snapshot_new (id, col1, col2, updated_at) VALUES (19, 'old_val1_19', 238, '2025-06-09 12:42:54');
INSERT INTO snapshot_new (id, col1, col2, updated_at) VALUES (20, 'old_val1_20', 939, '2025-11-04 11:06:18');
INSERT INTO snapshot_new (id, col1, col2, updated_at) VALUES (23, 'old_val1_23', 755, '2025-10-25 22:07:56');
INSERT INTO snapshot_new (id, col1, col2, updated_at) VALUES (24, 'old_val1_24', 581, '2025-09-21 14:14:35');
INSERT INTO snapshot_new (id, col1, col2, updated_at) VALUES (25, 'new_val1_25', 38, '2025-05-23 11:06:52');
INSERT INTO snapshot_new (id, col1, col2, updated_at) VALUES (26, 'old_val1_26', 339, '2025-10-04 16:24:16');
INSERT INTO snapshot_new (id, col1, col2, updated_at) VALUES (27, 'old_val1_27', 864, '2025-07-21 11:14:16');
INSERT INTO snapshot_new (id, col1, col2, updated_at) VALUES (28, 'new_val1_28', 113, '2025-09-11 22:21:16');
INSERT INTO snapshot_new (id, col1, col2, updated_at) VALUES (29, 'old_val1_29', 600, '2025-05-25 21:19:23');
INSERT INTO snapshot_new (id, col1, col2, updated_at) VALUES (32, 'old_val1_32', 910, '2025-10-04 22:03:39');
INSERT INTO snapshot_new (id, col1, col2, updated_at) VALUES (34, 'old_val1_34', 971, '2025-10-27 05:55:32');
INSERT INTO snapshot_new (id, col1, col2, updated_at) VALUES (35, 'old_val1_35', 943, '2025-10-03 17:06:43');
INSERT INTO snapshot_new (id, col1, col2, updated_at) VALUES (37, 'old_val1_37', 171, '2025-10-09 12:17:59');
INSERT INTO snapshot_new (id, col1, col2, updated_at) VALUES (38, 'old_val1_38', 11, '2025-07-06 16:42:13');
INSERT INTO snapshot_new (id, col1, col2, updated_at) VALUES (39, 'old_val1_39', 737, '2025-04-30 10:49:20');
INSERT INTO snapshot_new (id, col1, col2, updated_at) VALUES (42, 'old_val1_42', 884, '2025-09-25 08:46:13');
INSERT INTO snapshot_new (id, col1, col2, updated_at) VALUES (43, 'new_val1_43', 866, '2025-05-08 19:48:24');
INSERT INTO snapshot_new (id, col1, col2, updated_at) VALUES (46, 'old_val1_46', 95, '2025-07-26 06:41:50');
INSERT INTO snapshot_new (id, col1, col2, updated_at) VALUES (47, 'old_val1_47', 621, '2025-08-19 14:47:21');
INSERT INTO snapshot_new (id, col1, col2, updated_at) VALUES (48, 'new_val1_48', 713, '2025-09-19 04:44:05');
INSERT INTO snapshot_new (id, col1, col2, updated_at) VALUES (49, 'new_val1_49', 402, '2025-09-24 05:04:55');
INSERT INTO snapshot_new (id, col1, col2, updated_at) VALUES (50, 'new_val1_50', 89, '2025-07-15 07:49:41');
INSERT INTO snapshot_new (id, col1, col2, updated_at) VALUES (51, 'new_val1_51', 653, '2025-07-13 12:03:09');
INSERT INTO snapshot_new (id, col1, col2, updated_at) VALUES (52, 'old_val1_52', 500, '2025-10-16 18:43:04');
INSERT INTO snapshot_new (id, col1, col2, updated_at) VALUES (53, 'old_val1_53', 390, '2025-08-02 15:51:45');
INSERT INTO snapshot_new (id, col1, col2, updated_at) VALUES (54, 'new_val1_54', 857, '2025-07-08 05:36:46');
INSERT INTO snapshot_new (id, col1, col2, updated_at) VALUES (55, 'old_val1_55', 554, '2025-08-14 06:32:26');
INSERT INTO snapshot_new (id, col1, col2, updated_at) VALUES (58, 'new_val1_58', 306, '2025-05-20 23:26:37');
INSERT INTO snapshot_new (id, col1, col2, updated_at) VALUES (59, 'old_val1_59', 819, '2025-09-24 07:39:10');
INSERT INTO snapshot_new (id, col1, col2, updated_at) VALUES (60, 'old_val1_60', 995, '2025-06-23 16:05:10');
INSERT INTO snapshot_new (id, col1, col2, updated_at) VALUES (61, 'old_val1_61', 206, '2025-10-07 14:27:12');
INSERT INTO snapshot_new (id, col1, col2, updated_at) VALUES (62, 'old_val1_62', 826, '2025-05-17 12:14:16');
INSERT INTO snapshot_new (id, col1, col2, updated_at) VALUES (63, 'old_val1_63', 532, '2025-08-25 09:31:10');
INSERT INTO snapshot_new (id, col1, col2, updated_at) VALUES (64, 'old_val1_64', 115, '2025-08-14 14:31:03');
INSERT INTO snapshot_new (id, col1, col2, updated_at) VALUES (65, 'old_val1_65', 102, '2025-05-28 05:33:22');
INSERT INTO snapshot_new (id, col1, col2, updated_at) VALUES (67, 'old_val1_67', 585, '2025-10-03 02:17:33');
INSERT INTO snapshot_new (id, col1, col2, updated_at) VALUES (68, 'old_val1_68', 697, '2025-10-24 23:41:44');
INSERT INTO snapshot_new (id, col1, col2, updated_at) VALUES (69, 'new_val1_69', 486, '2025-07-07 22:37:46');
INSERT INTO snapshot_new (id, col1, col2, updated_at) VALUES (70, 'old_val1_70', 878, '2025-10-25 12:38:43');
INSERT INTO snapshot_new (id, col1, col2, updated_at) VALUES (71, 'old_val1_71', 453, '2025-11-14 20:45:06');
INSERT INTO snapshot_new (id, col1, col2, updated_at) VALUES (72, 'new_val1_72', 452, '2025-06-23 23:53:38');
INSERT INTO snapshot_new (id, col1, col2, updated_at) VALUES (74, 'new_val1_74', 726, '2025-09-06 23:45:22');
INSERT INTO snapshot_new (id, col1, col2, updated_at) VALUES (77, 'old_val1_77', 940, '2025-07-31 16:19:07');
INSERT INTO snapshot_new (id, col1, col2, updated_at) VALUES (78, 'old_val1_78', 126, '2025-10-21 10:10:55');
INSERT INTO snapshot_new (id, col1, col2, updated_at) VALUES (79, 'new_val1_79', 891, '2025-08-30 06:26:13');
INSERT INTO snapshot_new (id, col1, col2, updated_at) VALUES (80, 'old_val1_80', 766, '2025-10-23 12:21:37');
INSERT INTO snapshot_new (id, col1, col2, updated_at) VALUES (81, 'old_val1_81', 798, '2025-06-23 17:07:42');
INSERT INTO snapshot_new (id, col1, col2, updated_at) VALUES (82, 'old_val1_82', 20, '2025-11-15 09:23:36');
INSERT INTO snapshot_new (id, col1, col2, updated_at) VALUES (83, 'old_val1_83', 229, '2025-07-04 07:13:06');
INSERT INTO snapshot_new (id, col1, col2, updated_at) VALUES (84, 'old_val1_84', 872, '2025-07-29 01:46:51');
INSERT INTO snapshot_new (id, col1, col2, updated_at) VALUES (85, 'old_val1_85', 638, '2025-08-10 06:20:59');
INSERT INTO snapshot_new (id, col1, col2, updated_at) VALUES (87, 'old_val1_87', 289, '2025-07-15 13:00:19');
INSERT INTO snapshot_new (id, col1, col2, updated_at) VALUES (89, 'old_val1_89', 913, '2025-10-13 19:56:53');
INSERT INTO snapshot_new (id, col1, col2, updated_at) VALUES (90, 'old_val1_90', 824, '2025-09-30 23:46:55');
INSERT INTO snapshot_new (id, col1, col2, updated_at) VALUES (91, 'old_val1_91', 302, '2025-07-06 00:18:32');
INSERT INTO snapshot_new (id, col1, col2, updated_at) VALUES (92, 'old_val1_92', 835, '2025-06-17 21:33:49');
INSERT INTO snapshot_new (id, col1, col2, updated_at) VALUES (93, 'old_val1_93', 487, '2025-10-18 22:07:18');
INSERT INTO snapshot_new (id, col1, col2, updated_at) VALUES (95, 'old_val1_95', 758, '2025-07-06 05:25:23');
INSERT INTO snapshot_new (id, col1, col2, updated_at) VALUES (96, 'new_val1_96', 228, '2025-11-06 20:15:00');
INSERT INTO snapshot_new (id, col1, col2, updated_at) VALUES (97, 'old_val1_97', 474, '2025-05-31 02:12:04');
INSERT INTO snapshot_new (id, col1, col2, updated_at) VALUES (98, 'old_val1_98', 72, '2025-08-28 16:09:09');
INSERT INTO snapshot_new (id, col1, col2, updated_at) VALUES (99, 'old_val1_99', 891, '2025-06-07 14:04:14');
INSERT INTO snapshot_new (id, col1, col2, updated_at) VALUES (101, 'new_extra_101', 914, '2025-10-05 14:17:02');
INSERT INTO snapshot_new (id, col1, col2, updated_at) VALUES (102, 'new_extra_102', 323, '2025-11-07 15:38:09');
INSERT INTO snapshot_new (id, col1, col2, updated_at) VALUES (103, 'new_extra_103', 797, '2025-08-19 02:49:18');
INSERT INTO snapshot_new (id, col1, col2, updated_at) VALUES (104, 'new_extra_104', 340, '2025-10-27 15:30:26');
INSERT INTO snapshot_new (id, col1, col2, updated_at) VALUES (105, 'new_extra_105', 320, '2025-10-28 11:10:53');
INSERT INTO snapshot_new (id, col1, col2, updated_at) VALUES (106, 'new_extra_106', 4, '2025-10-04 19:01:41');
INSERT INTO snapshot_new (id, col1, col2, updated_at) VALUES (107, 'new_extra_107', 214, '2025-11-13 15:12:29');
INSERT INTO snapshot_new (id, col1, col2, updated_at) VALUES (108, 'new_extra_108', 590, '2025-11-13 14:50:16');
INSERT INTO snapshot_new (id, col1, col2, updated_at) VALUES (109, 'new_extra_109', 501, '2025-11-16 12:16:29');
INSERT INTO snapshot_new (id, col1, col2, updated_at) VALUES (110, 'new_extra_110', 132, '2025-10-26 00:51:37');

-- Inserts for holidays
INSERT INTO holidays (holiday_date, description) VALUES ('2024-12-27', 'Holiday_001');
INSERT INTO holidays (holiday_date, description) VALUES ('2025-04-11', 'Holiday_002');
INSERT INTO holidays (holiday_date, description) VALUES ('2025-04-24', 'Holiday_003');
INSERT INTO holidays (holiday_date, description) VALUES ('2025-04-11', 'Holiday_004');
INSERT INTO holidays (holiday_date, description) VALUES ('2025-03-17', 'Holiday_005');
INSERT INTO holidays (holiday_date, description) VALUES ('2025-05-04', 'Holiday_006');
INSERT INTO holidays (holiday_date, description) VALUES ('2025-11-14', 'Holiday_007');
INSERT INTO holidays (holiday_date, description) VALUES ('2025-10-28', 'Holiday_008');
INSERT INTO holidays (holiday_date, description) VALUES ('2025-02-16', 'Holiday_009');
INSERT INTO holidays (holiday_date, description) VALUES ('2025-08-06', 'Holiday_010');
INSERT INTO holidays (holiday_date, description) VALUES ('2025-05-09', 'Holiday_011');
INSERT INTO holidays (holiday_date, description) VALUES ('2025-11-09', 'Holiday_012');
INSERT INTO holidays (holiday_date, description) VALUES ('2025-06-05', 'Holiday_013');
INSERT INTO holidays (holiday_date, description) VALUES ('2025-02-18', 'Holiday_014');
INSERT INTO holidays (holiday_date, description) VALUES ('2025-08-11', 'Holiday_015');
INSERT INTO holidays (holiday_date, description) VALUES ('2025-11-07', 'Holiday_016');
INSERT INTO holidays (holiday_date, description) VALUES ('2024-12-05', 'Holiday_017');
INSERT INTO holidays (holiday_date, description) VALUES ('2025-11-14', 'Holiday_018');
INSERT INTO holidays (holiday_date, description) VALUES ('2024-12-31', 'Holiday_019');
INSERT INTO holidays (holiday_date, description) VALUES ('2025-07-12', 'Holiday_020');
INSERT INTO holidays (holiday_date, description) VALUES ('2025-07-24', 'Holiday_021');
INSERT INTO holidays (holiday_date, description) VALUES ('2024-11-26', 'Holiday_022');
INSERT INTO holidays (holiday_date, description) VALUES ('2025-05-24', 'Holiday_023');
INSERT INTO holidays (holiday_date, description) VALUES ('2025-06-10', 'Holiday_024');
INSERT INTO holidays (holiday_date, description) VALUES ('2025-09-11', 'Holiday_025');
INSERT INTO holidays (holiday_date, description) VALUES ('2025-09-25', 'Holiday_026');
INSERT INTO holidays (holiday_date, description) VALUES ('2025-05-04', 'Holiday_027');
INSERT INTO holidays (holiday_date, description) VALUES ('2025-03-04', 'Holiday_028');
INSERT INTO holidays (holiday_date, description) VALUES ('2025-01-19', 'Holiday_029');
INSERT INTO holidays (holiday_date, description) VALUES ('2025-06-13', 'Holiday_030');
INSERT INTO holidays (holiday_date, description) VALUES ('2025-08-23', 'Holiday_031');
INSERT INTO holidays (holiday_date, description) VALUES ('2025-10-14', 'Holiday_032');
INSERT INTO holidays (holiday_date, description) VALUES ('2025-10-24', 'Holiday_033');
INSERT INTO holidays (holiday_date, description) VALUES ('2025-06-17', 'Holiday_034');
INSERT INTO holidays (holiday_date, description) VALUES ('2025-06-21', 'Holiday_035');
INSERT INTO holidays (holiday_date, description) VALUES ('2025-03-28', 'Holiday_036');
INSERT INTO holidays (holiday_date, description) VALUES ('2025-02-23', 'Holiday_037');
INSERT INTO holidays (holiday_date, description) VALUES ('2025-01-15', 'Holiday_038');
INSERT INTO holidays (holiday_date, description) VALUES ('2025-02-21', 'Holiday_039');
INSERT INTO holidays (holiday_date, description) VALUES ('2025-05-28', 'Holiday_040');
INSERT INTO holidays (holiday_date, description) VALUES ('2025-04-08', 'Holiday_041');
INSERT INTO holidays (holiday_date, description) VALUES ('2024-11-30', 'Holiday_042');
INSERT INTO holidays (holiday_date, description) VALUES ('2025-09-09', 'Holiday_043');
INSERT INTO holidays (holiday_date, description) VALUES ('2025-05-25', 'Holiday_044');
INSERT INTO holidays (holiday_date, description) VALUES ('2025-03-11', 'Holiday_045');
INSERT INTO holidays (holiday_date, description) VALUES ('2025-05-17', 'Holiday_046');
INSERT INTO holidays (holiday_date, description) VALUES ('2025-08-12', 'Holiday_047');
INSERT INTO holidays (holiday_date, description) VALUES ('2025-08-24', 'Holiday_048');
INSERT INTO holidays (holiday_date, description) VALUES ('2025-04-24', 'Holiday_049');
INSERT INTO holidays (holiday_date, description) VALUES ('2025-11-07', 'Holiday_050');
INSERT INTO holidays (holiday_date, description) VALUES ('2025-07-23', 'Holiday_051');
INSERT INTO holidays (holiday_date, description) VALUES ('2025-07-25', 'Holiday_052');
INSERT INTO holidays (holiday_date, description) VALUES ('2025-09-10', 'Holiday_053');
INSERT INTO holidays (holiday_date, description) VALUES ('2025-07-31', 'Holiday_054');
INSERT INTO holidays (holiday_date, description) VALUES ('2025-11-05', 'Holiday_055');
INSERT INTO holidays (holiday_date, description) VALUES ('2025-01-19', 'Holiday_056');
INSERT INTO holidays (holiday_date, description) VALUES ('2025-03-03', 'Holiday_057');
INSERT INTO holidays (holiday_date, description) VALUES ('2025-08-22', 'Holiday_058');
INSERT INTO holidays (holiday_date, description) VALUES ('2025-09-14', 'Holiday_059');
INSERT INTO holidays (holiday_date, description) VALUES ('2025-05-13', 'Holiday_060');
INSERT INTO holidays (holiday_date, description) VALUES ('2024-11-17', 'Holiday_061');
INSERT INTO holidays (holiday_date, description) VALUES ('2024-12-18', 'Holiday_062');
INSERT INTO holidays (holiday_date, description) VALUES ('2025-10-28', 'Holiday_063');
INSERT INTO holidays (holiday_date, description) VALUES ('2025-05-08', 'Holiday_064');
INSERT INTO holidays (holiday_date, description) VALUES ('2024-12-24', 'Holiday_065');
INSERT INTO holidays (holiday_date, description) VALUES ('2025-07-09', 'Holiday_066');
INSERT INTO holidays (holiday_date, description) VALUES ('2025-02-16', 'Holiday_067');
INSERT INTO holidays (holiday_date, description) VALUES ('2025-01-01', 'Holiday_068');
INSERT INTO holidays (holiday_date, description) VALUES ('2025-10-23', 'Holiday_069');
INSERT INTO holidays (holiday_date, description) VALUES ('2025-01-16', 'Holiday_070');
INSERT INTO holidays (holiday_date, description) VALUES ('2025-10-23', 'Holiday_071');
INSERT INTO holidays (holiday_date, description) VALUES ('2024-12-13', 'Holiday_072');
INSERT INTO holidays (holiday_date, description) VALUES ('2025-09-22', 'Holiday_073');
INSERT INTO holidays (holiday_date, description) VALUES ('2024-12-17', 'Holiday_074');
INSERT INTO holidays (holiday_date, description) VALUES ('2025-11-06', 'Holiday_075');
INSERT INTO holidays (holiday_date, description) VALUES ('2025-10-23', 'Holiday_076');
INSERT INTO holidays (holiday_date, description) VALUES ('2024-11-28', 'Holiday_077');
INSERT INTO holidays (holiday_date, description) VALUES ('2025-09-18', 'Holiday_078');
INSERT INTO holidays (holiday_date, description) VALUES ('2025-04-17', 'Holiday_079');
INSERT INTO holidays (holiday_date, description) VALUES ('2025-04-03', 'Holiday_080');
INSERT INTO holidays (holiday_date, description) VALUES ('2025-05-06', 'Holiday_081');
INSERT INTO holidays (holiday_date, description) VALUES ('2025-09-14', 'Holiday_082');
INSERT INTO holidays (holiday_date, description) VALUES ('2025-02-09', 'Holiday_083');
INSERT INTO holidays (holiday_date, description) VALUES ('2025-07-10', 'Holiday_084');
INSERT INTO holidays (holiday_date, description) VALUES ('2025-03-19', 'Holiday_085');
INSERT INTO holidays (holiday_date, description) VALUES ('2024-11-22', 'Holiday_086');
INSERT INTO holidays (holiday_date, description) VALUES ('2025-08-30', 'Holiday_087');
INSERT INTO holidays (holiday_date, description) VALUES ('2025-08-03', 'Holiday_088');
INSERT INTO holidays (holiday_date, description) VALUES ('2024-11-26', 'Holiday_089');
INSERT INTO holidays (holiday_date, description) VALUES ('2024-11-30', 'Holiday_090');
INSERT INTO holidays (holiday_date, description) VALUES ('2024-12-29', 'Holiday_091');
INSERT INTO holidays (holiday_date, description) VALUES ('2025-11-12', 'Holiday_092');
INSERT INTO holidays (holiday_date, description) VALUES ('2025-06-15', 'Holiday_093');
INSERT INTO holidays (holiday_date, description) VALUES ('2025-04-15', 'Holiday_094');
INSERT INTO holidays (holiday_date, description) VALUES ('2024-12-13', 'Holiday_095');
INSERT INTO holidays (holiday_date, description) VALUES ('2025-09-26', 'Holiday_096');
INSERT INTO holidays (holiday_date, description) VALUES ('2024-12-12', 'Holiday_097');
INSERT INTO holidays (holiday_date, description) VALUES ('2025-02-23', 'Holiday_098');
INSERT INTO holidays (holiday_date, description) VALUES ('2025-07-01', 'Holiday_099');
INSERT INTO holidays (holiday_date, description) VALUES ('2025-01-02', 'Holiday_100');

