CREATE DATABASE DAY4;
USE DAY4;

CREATE TABLE CUSTOMERS (
    CUSTOMER_ID INT PRIMARY KEY,
    CUSTOMER_NAME VARCHAR(100),
    CITY VARCHAR(50),
    DOB DATE
);


CREATE TABLE PRODUCTS (
    PRODUCT_ID INT PRIMARY KEY,
    PRODUCT_NAME VARCHAR(100),
    CATEGORY VARCHAR(50),
    PRICE DECIMAL(10,2)
);


CREATE TABLE ORDERS (
    ORDER_ID INT PRIMARY KEY,
    CUSTOMER_ID INT,
    ORDER_DATE DATE
);


CREATE TABLE ORDER_ITEMS (
    ORDER_ID INT,
    PRODUCT_ID INT,
    QUANTITY INT
);


CREATE TABLE PAYMENTS (
    PAYMENT_ID INT PRIMARY KEY,
    ORDER_ID INT,
    PAYMENT_DATE DATE,
    PAYMENT_AMOUNT DECIMAL(10,2),
    STATUS VARCHAR(20)
);

INSERT INTO CUSTOMERS VALUES
(1, 'Sneha Mehta', 'Chennai', '1973-04-08'),
(2, 'Ankit Bansal', 'Kolkata', '1984-04-05'),
(3, 'Vikas Agarwal', 'Chennai', '1999-04-02'),
(4, 'Ankit Sharma', 'Bangalore', '1977-04-07'),
(5, 'Arjun Jain', 'Bangalore', '1971-04-09'),
(6, 'Kavita Jain', 'Mumbai', '1982-04-06'),
(7, 'Neha Yadav', 'Mumbai', '1948-04-14'),
(8, 'Arjun Jain', 'Mumbai', '1975-04-08'),
(9, 'Vikas Bansal', 'Bangalore', '1974-04-08'),
(10, 'Rahul Mehta', 'Mumbai', '1959-04-12'),
(11, 'Sneha Agarwal', 'Bangalore', '1955-04-13'),
(12, 'Arjun Bansal', 'Pune', '1960-04-11'),
(13, 'Neha Verma', 'Kolkata', '1971-04-09'),
(14, 'Rohit Yadav', 'Pune', '1949-04-14'),
(15, 'Ankit Verma', 'Hyderabad', '2008-03-30'),
(16, 'Rahul Gupta', 'Chennai', '1958-04-12'),
(17, 'Amit Jain', 'Mumbai', '2008-03-30'),
(18, 'Pooja Verma', 'Jaipur', '1972-04-08'),
(19, 'Simran Bansal', 'Hyderabad', '1977-04-07'),
(20, 'Rahul Sharma', 'Bangalore', '1962-04-11'),
(21, 'Simran Gupta', 'Hyderabad', '2008-03-30'),
(22, 'Vikas Kapoor', 'Hyderabad', '1953-04-13'),
(23, 'Neha Mehta', 'Delhi', '2002-04-01'),
(24, 'Amit Mehta', 'Mumbai', '1982-04-06'),
(25, 'Amit Gupta', 'Delhi', '1967-04-10'),
(26, 'Kavita Yadav', 'Bangalore', '1974-04-08'),
(27, 'Simran Singh', 'Chennai', '2002-04-01'),
(28, 'Rohit Kapoor', 'Delhi', '1983-04-06'),
(29, 'Pooja Mehta', 'Jaipur', '1972-04-08'),
(30, 'Rohit Agarwal', 'Kolkata', '1995-04-03'),
(31, 'Rohit Yadav', 'Jaipur', '1971-04-09'),
(32, 'Rahul Jain', 'Mumbai', '2006-03-31'),
(33, 'Simran Bansal', 'Chennai', '2001-04-01'),
(34, 'Arjun Agarwal', 'Pune', '1969-04-09'),
(35, 'Amit Kapoor', 'Hyderabad', '2000-04-01'),
(36, 'Neha Gupta', 'Kolkata', '1989-04-04'),
(37, 'Rahul Mehta', 'Pune', '1976-04-07'),
(38, 'Rahul Bansal', 'Bangalore', '1999-04-02'),
(39, 'Rohit Jain', 'Jaipur', '1997-04-02'),
(40, 'Vikas Mehta', 'Jaipur', '1962-04-11'),
(41, 'Ankit Kapoor', 'Chennai', '1986-04-05'),
(42, 'Arjun Agarwal', 'Pune', '1978-04-07'),
(43, 'Rahul Yadav', 'Bangalore', '1981-04-06'),
(44, 'Pooja Singh', 'Bangalore', '1997-04-02'),
(45, 'Rohit Kapoor', 'Delhi', '1965-04-10'),
(46, 'Arjun Agarwal', 'Bangalore', '1958-04-12'),
(47, 'Simran Agarwal', 'Pune', '2006-03-31'),
(48, 'Priya Kapoor', 'Hyderabad', '1989-04-04'),
(49, 'Arjun Gupta', 'Chennai', '1967-04-10'),
(50, 'Pooja Yadav', 'Delhi', '1983-04-06'),
(51, 'Sneha Bansal', 'Mumbai', '1952-04-13'),
(52, 'Sneha Mehta', 'Kolkata', '1951-04-14'),
(53, 'Amit Agarwal', 'Hyderabad', '2001-04-01'),
(54, 'Vikas Sharma', 'Jaipur', '1971-04-09'),
(55, 'Ankit Yadav', 'Bangalore', '1962-04-11'),
(56, 'Amit Sharma', 'Jaipur', '1961-04-11'),
(57, 'Neha Agarwal', 'Bangalore', '1978-04-07'),
(58, 'Rahul Kapoor', 'Delhi', '2008-03-30'),
(59, 'Rohit Yadav', 'Mumbai', '1956-04-12'),
(60, 'Pooja Verma', 'Mumbai', '2001-04-01'),
(61, 'Neha Jain', 'Bangalore', '1995-04-03'),
(62, 'Pooja Mehta', 'Kolkata', '1947-04-15'),
(63, 'Pooja Mehta', 'Mumbai', '1957-04-12'),
(64, 'Sneha Singh', 'Hyderabad', '1948-04-14'),
(65, 'Pooja Gupta', 'Bangalore', '1979-04-07'),
(66, 'Pooja Sharma', 'Bangalore', '1957-04-12'),
(67, 'Rohit Kapoor', 'Chennai', '1966-04-10'),
(68, 'Amit Yadav', 'Kolkata', '1988-04-04'),
(69, 'Arjun Singh', 'Jaipur', '1953-04-13'),
(70, 'Kavita Gupta', 'Bangalore', '1987-04-05'),
(71, 'Neha Sharma', 'Mumbai', '1956-04-12'),
(72, 'Simran Bansal', 'Delhi', '1991-04-04'),
(73, 'Simran Kapoor', 'Chennai', '1961-04-11'),
(74, 'Amit Verma', 'Delhi', '1946-04-15'),
(75, 'Arjun Gupta', 'Bangalore', '1986-04-05'),
(76, 'Sneha Yadav', 'Pune', '1996-04-02'),
(77, 'Simran Gupta', 'Hyderabad', '1960-04-11'),
(78, 'Simran Sharma', 'Chennai', '1958-04-12'),
(79, 'Neha Yadav', 'Kolkata', '2008-03-30'),
(80, 'Ankit Verma', 'Mumbai', '2006-03-31'),
(81, 'Amit Agarwal', 'Mumbai', '2007-03-31'),
(82, 'Sneha Singh', 'Hyderabad', '2000-04-01'),
(83, 'Arjun Agarwal', 'Bangalore', '2008-03-30'),
(84, 'Amit Gupta', 'Delhi', '1962-04-11'),
(85, 'Neha Agarwal', 'Pune', '1996-04-02'),
(86, 'Priya Singh', 'Mumbai', '1986-04-05'),
(87, 'Neha Sharma', 'Jaipur', '2002-04-01'),
(88, 'Sneha Kapoor', 'Chennai', '1974-04-08'),
(89, 'Simran Yadav', 'Jaipur', '1967-04-10'),
(90, 'Priya Yadav', 'Mumbai', '1960-04-11'),
(91, 'Vikas Gupta', 'Bangalore', '1999-04-02'),
(92, 'Rahul Yadav', 'Mumbai', '1951-04-14'),
(93, 'Ankit Verma', 'Mumbai', '1988-04-04'),
(94, 'Vikas Kapoor', 'Jaipur', '1986-04-05'),
(95, 'Simran Kapoor', 'Jaipur', '1990-04-04'),
(96, 'Rahul Yadav', 'Kolkata', '1974-04-08'),
(97, 'Ankit Mehta', 'Chennai', '1967-04-10'),
(98, 'Arjun Yadav', 'Jaipur', '2002-04-01'),
(99, 'Neha Singh', 'Bangalore', '1968-04-09'),
(100, 'Kavita Bansal', 'Pune', '1951-04-14');
INSERT INTO PRODUCTS VALUES
(1, 'Product 1', 'Books', 2867.85),
(2, 'Product 2', 'Electronics', 3941.76),
(3, 'Product 3', 'Home', 1983.08),
(4, 'Product 4', 'Home', 4673.33),
(5, 'Product 5', 'Home', 2865.43),
(6, 'Product 6', 'Sports', 1258.72),
(7, 'Product 7', 'Home', 3346.46),
(8, 'Product 8', 'Books', 2066.3),
(9, 'Product 9', 'Sports', 3527.78),
(10, 'Product 10', 'Clothing', 2102.95),
(11, 'Product 11', 'Sports', 204.48),
(12, 'Product 12', 'Sports', 1403.0),
(13, 'Product 13', 'Home', 4868.1),
(14, 'Product 14', 'Books', 4954.85),
(15, 'Product 15', 'Electronics', 3021.22),
(16, 'Product 16', 'Electronics', 2927.52),
(17, 'Product 17', 'Sports', 3627.01),
(18, 'Product 18', 'Sports', 1426.73),
(19, 'Product 19', 'Clothing', 3019.72),
(20, 'Product 20', 'Books', 2759.92),
(21, 'Product 21', 'Home', 1148.19),
(22, 'Product 22', 'Clothing', 4928.94),
(23, 'Product 23', 'Clothing', 1981.95),
(24, 'Product 24', 'Sports', 2069.66),
(25, 'Product 25', 'Clothing', 4820.97),
(26, 'Product 26', 'Books', 3288.34),
(27, 'Product 27', 'Clothing', 2259.44),
(28, 'Product 28', 'Sports', 887.04),
(29, 'Product 29', 'Books', 2120.32),
(30, 'Product 30', 'Books', 2349.76),
(31, 'Product 31', 'Sports', 1107.73),
(32, 'Product 32', 'Clothing', 2966.69),
(33, 'Product 33', 'Books', 2886.16),
(34, 'Product 34', 'Sports', 319.53),
(35, 'Product 35', 'Books', 3073.64),
(36, 'Product 36', 'Electronics', 2743.67),
(37, 'Product 37', 'Home', 1526.39),
(38, 'Product 38', 'Electronics', 471.68),
(39, 'Product 39', 'Home', 1827.35),
(40, 'Product 40', 'Home', 1766.72),
(41, 'Product 41', 'Sports', 3220.3),
(42, 'Product 42', 'Electronics', 3096.02),
(43, 'Product 43', 'Home', 2440.8),
(44, 'Product 44', 'Electronics', 624.69),
(45, 'Product 45', 'Electronics', 291.21),
(46, 'Product 46', 'Electronics', 3932.53),
(47, 'Product 47', 'Sports', 125.7),
(48, 'Product 48', 'Electronics', 872.96),
(49, 'Product 49', 'Electronics', 2965.54),
(50, 'Product 50', 'Sports', 2063.69),
(51, 'Product 51', 'Books', 3863.57),
(52, 'Product 52', 'Books', 4391.81),
(53, 'Product 53', 'Electronics', 3999.55),
(54, 'Product 54', 'Home', 3409.27),
(55, 'Product 55', 'Clothing', 146.85),
(56, 'Product 56', 'Sports', 183.14),
(57, 'Product 57', 'Sports', 1871.16),
(58, 'Product 58', 'Home', 765.51),
(59, 'Product 59', 'Sports', 659.52),
(60, 'Product 60', 'Books', 4222.3),
(61, 'Product 61', 'Electronics', 2808.18),
(62, 'Product 62', 'Books', 1755.22),
(63, 'Product 63', 'Clothing', 602.76),
(64, 'Product 64', 'Sports', 2386.69),
(65, 'Product 65', 'Home', 3833.97),
(66, 'Product 66', 'Sports', 1773.9),
(67, 'Product 67', 'Books', 3568.1),
(68, 'Product 68', 'Sports', 4322.51),
(69, 'Product 69', 'Books', 3469.36),
(70, 'Product 70', 'Books', 2000.93),
(71, 'Product 71', 'Clothing', 4932.91),
(72, 'Product 72', 'Home', 1559.79),
(73, 'Product 73', 'Books', 1066.37),
(74, 'Product 74', 'Electronics', 1696.32),
(75, 'Product 75', 'Sports', 2097.45),
(76, 'Product 76', 'Home', 1987.59),
(77, 'Product 77', 'Books', 2374.13),
(78, 'Product 78', 'Electronics', 1277.93),
(79, 'Product 79', 'Clothing', 2640.42),
(80, 'Product 80', 'Home', 2725.46),
(81, 'Product 81', 'Clothing', 957.12),
(82, 'Product 82', 'Electronics', 1149.16),
(83, 'Product 83', 'Clothing', 2730.42),
(84, 'Product 84', 'Electronics', 2471.1),
(85, 'Product 85', 'Clothing', 4886.91),
(86, 'Product 86', 'Sports', 4403.93),
(87, 'Product 87', 'Books', 4408.34),
(88, 'Product 88', 'Home', 4597.91),
(89, 'Product 89', 'Home', 4388.28),
(90, 'Product 90', 'Clothing', 643.4),
(91, 'Product 91', 'Electronics', 1079.09),
(92, 'Product 92', 'Books', 4773.27),
(93, 'Product 93', 'Clothing', 3978.06),
(94, 'Product 94', 'Sports', 1194.45),
(95, 'Product 95', 'Clothing', 3288.77),
(96, 'Product 96', 'Electronics', 4987.29),
(97, 'Product 97', 'Home', 585.29),
(98, 'Product 98', 'Sports', 923.09),
(99, 'Product 99', 'Clothing', 4024.75),
(100, 'Product 100', 'Sports', 4164.54);
INSERT INTO ORDERS VALUES
(1, 76, '2026-02-22'),
(2, 20, '2026-01-08'),
(3, 91, '2026-02-24'),
(4, 1, '2025-06-28'),
(5, 9, '2026-01-14'),
(6, 57, '2026-03-18'),
(7, 75, '2025-12-03'),
(8, 76, '2025-10-17'),
(9, 11, '2025-04-07'),
(10, 18, '2025-12-16'),
(11, 52, '2026-02-12'),
(12, 13, '2025-04-03'),
(13, 98, '2025-12-25'),
(14, 11, '2026-02-05'),
(15, 6, '2026-03-04'),
(16, 53, '2025-06-18'),
(17, 32, '2026-01-16'),
(18, 6, '2026-02-22'),
(19, 31, '2025-03-28'),
(20, 26, '2026-03-04'),
(21, 46, '2025-08-20'),
(22, 73, '2025-10-19'),
(23, 60, '2025-05-20'),
(24, 1, '2025-05-04'),
(25, 59, '2025-11-06'),
(26, 83, '2025-09-24'),
(27, 93, '2025-08-19'),
(28, 65, '2025-06-18'),
(29, 41, '2026-02-02'),
(30, 41, '2025-12-29'),
(31, 53, '2025-05-31'),
(32, 28, '2025-07-26'),
(33, 11, '2025-06-18'),
(34, 77, '2025-11-07'),
(35, 61, '2026-03-08'),
(36, 71, '2025-06-13'),
(37, 57, '2025-09-27'),
(38, 43, '2026-01-09'),
(39, 62, '2025-07-18'),
(40, 35, '2025-11-25'),
(41, 69, '2025-06-17'),
(42, 57, '2025-11-11'),
(43, 91, '2026-02-15'),
(44, 54, '2025-06-15'),
(45, 41, '2025-09-21'),
(46, 12, '2025-04-04'),
(47, 14, '2025-06-24'),
(48, 83, '2025-05-03'),
(49, 33, '2025-12-14'),
(50, 10, '2025-12-24'),
(51, 42, '2025-07-05'),
(52, 33, '2025-08-23'),
(53, 14, '2025-05-27'),
(54, 70, '2025-08-10'),
(55, 77, '2026-03-07'),
(56, 68, '2025-11-21'),
(57, 1, '2025-05-13'),
(58, 32, '2025-08-15'),
(59, 53, '2025-04-06'),
(60, 53, '2025-11-01'),
(61, 20, '2025-11-09'),
(62, 89, '2025-12-10'),
(63, 26, '2025-09-03'),
(64, 38, '2025-05-04'),
(65, 100, '2026-03-11'),
(66, 77, '2025-09-16'),
(67, 69, '2026-01-14'),
(68, 45, '2025-04-16'),
(69, 91, '2025-08-14'),
(70, 97, '2025-04-03'),
(71, 75, '2025-10-09'),
(72, 36, '2025-10-28'),
(73, 80, '2026-01-16'),
(74, 93, '2025-11-19'),
(75, 68, '2025-08-11'),
(76, 64, '2025-08-30'),
(77, 61, '2025-12-14'),
(78, 24, '2025-11-25'),
(79, 43, '2025-09-18'),
(80, 96, '2025-06-07'),
(81, 12, '2025-12-06'),
(82, 46, '2025-11-19'),
(83, 27, '2025-08-29'),
(84, 19, '2025-08-26'),
(85, 76, '2025-08-27'),
(86, 74, '2025-08-11'),
(87, 61, '2025-10-07'),
(88, 46, '2026-01-28'),
(89, 28, '2025-03-31'),
(90, 21, '2025-12-10'),
(91, 28, '2025-06-02'),
(92, 14, '2025-11-16'),
(93, 60, '2025-10-22'),
(94, 29, '2025-09-06'),
(95, 75, '2025-08-01'),
(96, 4, '2025-11-01'),
(97, 89, '2025-11-19'),
(98, 43, '2025-06-12'),
(99, 71, '2025-06-20'),
(100, 94, '2026-02-07');
INSERT INTO ORDER_ITEMS VALUES
(31, 33, 5),
(41, 70, 1),
(56, 44, 1),
(85, 32, 2),
(57, 13, 4),
(13, 64, 1),
(67, 6, 2),
(95, 49, 3),
(63, 19, 2),
(39, 41, 4),
(62, 19, 2),
(69, 31, 3),
(47, 19, 3),
(93, 59, 2),
(34, 44, 3),
(97, 91, 5),
(22, 76, 4),
(63, 7, 2),
(45, 12, 3),
(28, 2, 2),
(68, 34, 2),
(42, 79, 4),
(5, 9, 2),
(29, 97, 3),
(62, 16, 3),
(43, 22, 2),
(23, 75, 5),
(71, 65, 2),
(70, 4, 4),
(14, 45, 1),
(90, 1, 2),
(22, 48, 1),
(24, 100, 5),
(65, 38, 4),
(98, 80, 4),
(17, 15, 4),
(71, 71, 3),
(27, 92, 5),
(35, 85, 2),
(7, 21, 4),
(27, 67, 2),
(20, 58, 3),
(14, 98, 5),
(34, 87, 5),
(12, 52, 3),
(91, 96, 1),
(46, 42, 1),
(53, 11, 5),
(4, 10, 2),
(75, 42, 3),
(97, 37, 3),
(31, 78, 1),
(17, 23, 5),
(81, 76, 5),
(41, 66, 5),
(88, 78, 1),
(4, 60, 4),
(77, 5, 5),
(98, 17, 3),
(21, 83, 1),
(71, 100, 4),
(32, 65, 5),
(55, 3, 2),
(28, 79, 1),
(27, 100, 3),
(19, 36, 2),
(73, 66, 5),
(12, 51, 4),
(4, 40, 2),
(60, 46, 2),
(71, 75, 1),
(51, 51, 2),
(39, 83, 3),
(20, 12, 5),
(53, 61, 5),
(20, 57, 3),
(64, 56, 2),
(25, 69, 1),
(62, 61, 1),
(28, 32, 1),
(17, 44, 1),
(83, 7, 3),
(14, 70, 3),
(36, 71, 5),
(17, 85, 4),
(34, 10, 3),
(61, 51, 2),
(64, 20, 4),
(89, 7, 3),
(53, 72, 1),
(61, 19, 1),
(53, 9, 1),
(53, 19, 1),
(18, 15, 2),
(1, 24, 5),
(74, 71, 5),
(87, 45, 5),
(59, 16, 1),
(7, 4, 1),
(4, 17, 1);
INSERT INTO PAYMENTS VALUES
(1, 89, '2025-05-30', 9318.31, 'PENDING'),
(2, 84, '2025-11-30', 12625.47, 'SUCCESS'),
(3, 15, '2026-02-05', 13095.41, 'PENDING'),
(4, 9, '2025-11-12', 16446.25, 'SUCCESS'),
(5, 37, '2025-10-03', 14104.75, 'PENDING'),
(6, 80, '2025-05-12', 462.13, 'SUCCESS'),
(7, 30, '2025-12-03', 9299.73, 'SUCCESS'),
(8, 59, '2025-10-04', 3288.82, 'FAILED'),
(9, 23, '2026-02-01', 1557.21, 'PENDING'),
(10, 45, '2025-10-02', 19115.9, 'SUCCESS'),
(11, 47, '2025-04-06', 596.29, 'FAILED'),
(12, 25, '2025-07-22', 2389.42, 'PENDING'),
(13, 31, '2026-02-16', 7439.84, 'SUCCESS'),
(14, 15, '2025-12-28', 7629.03, 'FAILED'),
(15, 39, '2025-08-05', 5595.98, 'FAILED'),
(16, 21, '2025-07-13', 18528.69, 'SUCCESS'),
(17, 24, '2025-06-06', 12005.84, 'FAILED'),
(18, 100, '2025-12-11', 7529.08, 'FAILED'),
(19, 59, '2026-01-31', 15619.6, 'FAILED'),
(20, 98, '2026-02-24', 6308.95, 'PENDING'),
(21, 39, '2025-12-21', 101.56, 'PENDING'),
(22, 100, '2025-11-30', 8405.54, 'PENDING'),
(23, 94, '2025-12-15', 13053.41, 'FAILED'),
(24, 47, '2026-01-12', 977.98, 'FAILED'),
(25, 32, '2025-04-17', 10149.23, 'PENDING'),
(26, 62, '2025-11-02', 5260.07, 'SUCCESS'),
(27, 14, '2025-07-24', 17343.03, 'PENDING'),
(28, 85, '2025-05-24', 19821.28, 'FAILED'),
(29, 93, '2026-03-03', 8997.71, 'FAILED'),
(30, 84, '2025-09-04', 6209.37, 'FAILED'),
(31, 2, '2025-12-09', 6469.09, 'FAILED'),
(32, 75, '2025-08-22', 12517.8, 'FAILED'),
(33, 57, '2025-09-07', 7603.79, 'FAILED'),
(34, 60, '2025-07-16', 1331.69, 'PENDING'),
(35, 53, '2025-06-27', 10956.23, 'FAILED'),
(36, 20, '2026-02-17', 3726.25, 'PENDING'),
(37, 5, '2025-10-25', 16438.45, 'SUCCESS'),
(38, 68, '2025-08-31', 16975.26, 'PENDING'),
(39, 67, '2025-06-28', 19095.59, 'PENDING'),
(40, 51, '2025-06-25', 1533.36, 'SUCCESS'),
(41, 54, '2025-12-01', 3841.77, 'PENDING'),
(42, 98, '2025-11-12', 13531.75, 'SUCCESS'),
(43, 36, '2025-08-09', 7416.63, 'FAILED'),
(44, 5, '2025-06-08', 4694.93, 'FAILED'),
(45, 8, '2026-01-19', 4763.92, 'PENDING'),
(46, 4, '2025-07-14', 1219.95, 'FAILED'),
(47, 69, '2025-11-03', 14516.57, 'SUCCESS'),
(48, 78, '2026-02-04', 3861.12, 'SUCCESS'),
(49, 85, '2026-02-16', 8190.24, 'FAILED'),
(50, 33, '2025-07-05', 9833.89, 'PENDING'),
(51, 52, '2026-02-21', 6884.16, 'PENDING'),
(52, 87, '2026-01-15', 1918.38, 'FAILED'),
(53, 96, '2025-08-04', 2369.93, 'SUCCESS'),
(54, 92, '2025-04-20', 11681.84, 'PENDING'),
(55, 49, '2025-10-22', 6023.64, 'SUCCESS'),
(56, 2, '2025-12-23', 710.57, 'FAILED'),
(57, 40, '2025-08-21', 19956.46, 'PENDING'),
(58, 53, '2025-08-18', 16794.92, 'PENDING'),
(59, 46, '2026-02-01', 3318.78, 'SUCCESS'),
(60, 26, '2025-05-04', 6159.69, 'FAILED'),
(61, 12, '2025-10-22', 14412.08, 'FAILED'),
(62, 43, '2025-11-07', 15245.83, 'PENDING'),
(63, 40, '2026-01-04', 8029.16, 'PENDING'),
(64, 55, '2026-03-23', 880.44, 'PENDING'),
(65, 3, '2026-01-06', 2811.35, 'PENDING'),
(66, 65, '2026-02-11', 15936.42, 'PENDING'),
(67, 88, '2025-06-06', 19452.65, 'PENDING'),
(68, 71, '2025-09-30', 10595.86, 'SUCCESS'),
(69, 43, '2025-10-30', 9213.97, 'PENDING'),
(70, 28, '2025-08-24', 11689.81, 'PENDING'),
(71, 98, '2025-08-25', 18658.42, 'FAILED'),
(72, 20, '2025-05-19', 13334.22, 'PENDING'),
(73, 16, '2025-06-28', 925.1, 'FAILED'),
(74, 30, '2025-12-02', 12238.51, 'PENDING'),
(75, 12, '2026-02-15', 13297.2, 'FAILED'),
(76, 12, '2025-06-05', 16592.28, 'SUCCESS'),
(77, 75, '2025-12-10', 3888.24, 'PENDING'),
(78, 5, '2025-10-08', 10073.35, 'PENDING'),
(79, 35, '2025-10-01', 13791.29, 'SUCCESS'),
(80, 74, '2026-03-05', 5389.18, 'FAILED'),
(81, 7, '2026-01-07', 15282.85, 'SUCCESS'),
(82, 44, '2026-01-12', 17115.68, 'FAILED'),
(83, 93, '2025-05-14', 2376.32, 'FAILED'),
(84, 97, '2026-03-06', 3181.81, 'FAILED'),
(85, 16, '2026-03-11', 1084.89, 'PENDING'),
(86, 43, '2025-06-23', 1134.88, 'PENDING'),
(87, 65, '2025-12-05', 4559.64, 'FAILED'),
(88, 80, '2025-12-14', 16622.15, 'PENDING'),
(89, 56, '2025-07-30', 15988.31, 'PENDING'),
(90, 90, '2026-01-06', 182.04, 'SUCCESS'),
(91, 67, '2026-03-02', 3682.82, 'SUCCESS'),
(92, 58, '2026-01-29', 6371.85, 'FAILED'),
(93, 16, '2025-04-15', 9552.5, 'PENDING'),
(94, 96, '2025-08-05', 3051.86, 'PENDING'),
(95, 54, '2025-09-12', 15019.37, 'FAILED'),
(96, 97, '2025-10-16', 9006.44, 'PENDING'),
(97, 76, '2025-08-11', 400.23, 'SUCCESS'),
(98, 39, '2026-01-22', 4417.3, 'FAILED'),
(99, 41, '2026-03-06', 18270.61, 'SUCCESS'),
(100, 58, '2025-10-10', 12189.6, 'PENDING');