CREATE DATABASE IF NOT EXISTS DAY5;
USE DAY5;

CREATE TABLE departments (
    dept_id INT PRIMARY KEY,
    dept_name VARCHAR(50),
    location VARCHAR(50)
);

INSERT INTO departments VALUES (1, 'Finance', 'Bangalore');
INSERT INTO departments VALUES (2, 'HR', 'Kolkata');
INSERT INTO departments VALUES (3, 'Sales', 'Hyderabad');
INSERT INTO departments VALUES (4, 'Operations', 'Chennai');
INSERT INTO departments VALUES (5, 'Marketing', 'Kolkata');
INSERT INTO departments VALUES (6, 'Finance', 'Hyderabad');
INSERT INTO departments VALUES (7, 'HR', 'Hyderabad');
INSERT INTO departments VALUES (8, 'HR', 'Bangalore');
INSERT INTO departments VALUES (9, 'Operations', 'Kolkata');
INSERT INTO departments VALUES (10, 'HR', 'Chennai');
INSERT INTO departments VALUES (11, 'Operations', 'Kolkata');
INSERT INTO departments VALUES (12, 'Marketing', 'Mumbai');
INSERT INTO departments VALUES (13, 'Marketing', 'Mumbai');
INSERT INTO departments VALUES (14, 'Finance', 'Hyderabad');
INSERT INTO departments VALUES (15, 'Finance', 'Delhi');
INSERT INTO departments VALUES (16, 'Operations', 'Chennai');
INSERT INTO departments VALUES (17, 'Sales', 'Hyderabad');
INSERT INTO departments VALUES (18, 'Finance', 'Delhi');
INSERT INTO departments VALUES (19, 'HR', 'Pune');
INSERT INTO departments VALUES (20, 'Finance', 'Hyderabad');
INSERT INTO departments VALUES (21, 'HR', 'Kolkata');
INSERT INTO departments VALUES (22, 'Marketing', 'Pune');
INSERT INTO departments VALUES (23, 'IT', 'Delhi');
INSERT INTO departments VALUES (24, 'Sales', 'Hyderabad');
INSERT INTO departments VALUES (25, 'Sales', 'Chennai');
INSERT INTO departments VALUES (26, 'Sales', 'Kolkata');
INSERT INTO departments VALUES (27, 'Marketing', 'Kolkata');
INSERT INTO departments VALUES (28, 'Finance', 'Chennai');
INSERT INTO departments VALUES (29, 'Operations', 'Pune');
INSERT INTO departments VALUES (30, 'IT', 'Bangalore');
INSERT INTO departments VALUES (31, 'Marketing', 'Bangalore');
INSERT INTO departments VALUES (32, 'Marketing', 'Pune');
INSERT INTO departments VALUES (33, 'Marketing', 'Bangalore');
INSERT INTO departments VALUES (34, 'Finance', 'Mumbai');
INSERT INTO departments VALUES (35, 'Marketing', 'Delhi');
INSERT INTO departments VALUES (36, 'IT', 'Delhi');
INSERT INTO departments VALUES (37, 'Marketing', 'Kolkata');
INSERT INTO departments VALUES (38, 'HR', 'Delhi');
INSERT INTO departments VALUES (39, 'Sales', 'Delhi');
INSERT INTO departments VALUES (40, 'Sales', 'Mumbai');
INSERT INTO departments VALUES (41, 'Finance', 'Bangalore');
INSERT INTO departments VALUES (42, 'Marketing', 'Hyderabad');
INSERT INTO departments VALUES (43, 'HR', 'Pune');
INSERT INTO departments VALUES (44, 'HR', 'Chennai');
INSERT INTO departments VALUES (45, 'Operations', 'Kolkata');
INSERT INTO departments VALUES (46, 'Finance', 'Delhi');
INSERT INTO departments VALUES (47, 'Marketing', 'Bangalore');
INSERT INTO departments VALUES (48, 'HR', 'Mumbai');
INSERT INTO departments VALUES (49, 'HR', 'Kolkata');
INSERT INTO departments VALUES (50, 'HR', 'Hyderabad');

CREATE TABLE employees (
    emp_id INT PRIMARY KEY,
    name VARCHAR(50),
    dept_id INT,
    salary INT,
    hire_date DATE,
    age INT,
    FOREIGN KEY (dept_id) REFERENCES departments(dept_id)
);

INSERT INTO employees VALUES (1, 'Ritika Kumar', 18, 30000, '2017-12-21', 27);
INSERT INTO employees VALUES (2, 'Manish Kumar', 27, 30000, '2021-09-27', 58);
INSERT INTO employees VALUES (3, 'Amit Sharma', 37, 30000, '2017-06-18', 44);
INSERT INTO employees VALUES (4, 'Deepak Gupta', 42, 150000, '2016-08-20', 22);
INSERT INTO employees VALUES (5, 'Isha Singh', 19, 100000, '2018-03-14', 18);
INSERT INTO employees VALUES (6, 'Kavita Mishra', 11, 100000, '2025-01-20', 38);
INSERT INTO employees VALUES (7, NULL, 44, 150000, '2016-06-22', 20);
INSERT INTO employees VALUES (8, 'Deepak Yadav', 6, 30000, '2018-06-01', 27);
INSERT INTO employees VALUES (9, 'Simran Jain', 47, 30000, '2023-03-11', 26);
INSERT INTO employees VALUES (10, 'Neha Jain', 34, 30000, '2023-08-26', 48);
INSERT INTO employees VALUES (11, 'Neha Jain', 13, 30000, '2026-01-10', 37);
INSERT INTO employees VALUES (12, 'Vikas Mishra', 29, 150000, '2017-10-16', 69);
INSERT INTO employees VALUES (13, 'Isha Jain', 50, 150000, '2018-09-03', 64);
INSERT INTO employees VALUES (14, 'Sneha Jain', 44, 30000, '2025-08-12', 40);
INSERT INTO employees VALUES (15, 'Kavita Yadav', 29, 50000, '2016-05-05', 18);
INSERT INTO employees VALUES (16, 'Megha Yadav', 19, 30000, '2023-10-17', 55);
INSERT INTO employees VALUES (17, 'Karan Gupta', NULL, 30000, '2017-11-03', 54);
INSERT INTO employees VALUES (18, 'Karan Gupta', 48, 30000, '2024-09-15', 32);
INSERT INTO employees VALUES (19, 'Karan Kumar', 45, 30000, '2021-07-23', 33);
INSERT INTO employees VALUES (20, 'Rohit Mishra', 3, 50000, '2019-07-01', 80);
INSERT INTO employees VALUES (21, NULL, 21, 30000, '2018-05-22', 29);
INSERT INTO employees VALUES (22, 'Anjali Yadav', 37, 100000, '2024-12-16', 45);
INSERT INTO employees VALUES (23, 'Sneha Mishra', 34, 150000, '2026-01-09', 18);
INSERT INTO employees VALUES (24, 'Rahul Mishra', 47, 50000, '2019-11-26', 58);
INSERT INTO employees VALUES (25, 'Sneha Kumar', 17, 150000, '2020-02-12', 32);
INSERT INTO employees VALUES (26, 'Priya Yadav', 4, 150000, '2021-01-02', 57);
INSERT INTO employees VALUES (27, 'Neha Sharma', 3, 150000, '2025-07-16', 60);
INSERT INTO employees VALUES (28, 'Sneha Jain', 33, 30000, '2018-09-16', 55);
INSERT INTO employees VALUES (29, 'Megha Jain', 22, 30000, '2017-04-19', 71);
INSERT INTO employees VALUES (30, 'Nitin Sharma', 6, 50000, '2022-12-09', 44);
INSERT INTO employees VALUES (31, 'Anjali Yadav', 49, 100000, '2017-12-28', 77);
INSERT INTO employees VALUES (32, NULL, 19, 30000, '2018-03-16', 54);
INSERT INTO employees VALUES (33, NULL, 18, 50000, '2021-08-05', 19);
INSERT INTO employees VALUES (34, 'Manish Verma', 29, 50000, '2020-11-01', 67);
INSERT INTO employees VALUES (35, 'Arjun Jain', 19, 100000, '2025-07-16', 23);
INSERT INTO employees VALUES (36, 'Anjali Sharma', 42, 30000, '2018-11-05', 48);
INSERT INTO employees VALUES (37, 'Manish Kumar', 40, 30000, '2024-12-20', 80);
INSERT INTO employees VALUES (38, 'Karan Jain', 48, 30000, '2019-06-30', 46);
INSERT INTO employees VALUES (39, 'Isha Singh', 15, 50000, '2018-09-07', 27);
INSERT INTO employees VALUES (40, 'Priya Kumar', 31, 30000, '2018-08-09', 75);
INSERT INTO employees VALUES (41, 'Manish Mishra', NULL, 50000, '2019-09-04', 69);
INSERT INTO employees VALUES (42, 'Pooja Mishra', 39, 100000, '2023-10-30', 65);
INSERT INTO employees VALUES (43, 'Karan Mishra', 18, 30000, '2024-07-29', 77);
INSERT INTO employees VALUES (44, 'Sneha Kumar', 41, 150000, '2016-08-25', 74);
INSERT INTO employees VALUES (45, 'Manish Jain', 42, 30000, '2022-06-20', 34);
INSERT INTO employees VALUES (46, 'Nitin Yadav', 28, 30000, '2019-08-27', 61);
INSERT INTO employees VALUES (47, 'Ritika Yadav', 15, 30000, '2018-02-19', 26);
INSERT INTO employees VALUES (48, 'Neha Singh', 20, 50000, '2024-07-12', 46);
INSERT INTO employees VALUES (49, 'Neha Mishra', 18, 50000, '2025-08-13', 68);
INSERT INTO employees VALUES (50, 'Sneha Kumar', NULL, 30000, '2023-11-12', 18);
INSERT INTO employees VALUES (51, 'Anjali Verma', 42, 30000, '2018-01-03', 75);
INSERT INTO employees VALUES (52, 'Neha Mishra', 20, 30000, '2025-11-24', 65);
INSERT INTO employees VALUES (53, 'Isha Gupta', 30, 30000, '2024-11-05', 58);
INSERT INTO employees VALUES (54, 'Ritika Mishra', 7, 50000, '2021-01-27', 69);
INSERT INTO employees VALUES (55, 'Kavita Sharma', 24, 30000, '2021-10-28', 62);
INSERT INTO employees VALUES (56, 'Rahul Gupta', 15, 30000, '2025-12-17', 65);
INSERT INTO employees VALUES (57, 'Rahul Gupta', 27, 30000, '2023-11-16', 74);
INSERT INTO employees VALUES (58, 'Ritika Gupta', 12, 30000, '2020-12-04', 57);
INSERT INTO employees VALUES (59, 'Sneha Gupta', 7, 30000, '2023-02-15', 18);
INSERT INTO employees VALUES (60, 'Simran Gupta', 43, 30000, '2016-11-24', 27);
INSERT INTO employees VALUES (61, 'Priya Yadav', 24, 30000, '2016-12-08', 79);
INSERT INTO employees VALUES (62, 'Rohit Kumar', 25, 100000, '2024-05-12', 51);
INSERT INTO employees VALUES (63, 'Kavita Sharma', 24, 100000, '2018-07-08', 38);
INSERT INTO employees VALUES (64, 'Simran Gupta', 30, 100000, '2022-10-30', 48);
INSERT INTO employees VALUES (65, 'Suresh Kumar', 46, 30000, '2023-10-23', 55);
INSERT INTO employees VALUES (66, NULL, 12, 30000, '2020-11-17', 67);
INSERT INTO employees VALUES (67, 'Megha Singh', 20, 50000, '2025-05-14', 32);
INSERT INTO employees VALUES (68, 'Amit Verma', 1, 50000, '2023-08-07', 62);
INSERT INTO employees VALUES (69, 'Amit Yadav', 15, 30000, '2025-03-09', 67);
INSERT INTO employees VALUES (70, 'Nitin Jain', 37, 50000, '2024-05-17', 46);
INSERT INTO employees VALUES (71, 'Deepak Verma', 6, 100000, '2025-03-02', 47);
INSERT INTO employees VALUES (72, 'Amit Kumar', 28, 30000, '2016-12-16', 22);
INSERT INTO employees VALUES (73, 'Amit Mishra', 37, 30000, '2019-10-14', 78);
INSERT INTO employees VALUES (74, 'Anjali Gupta', 14, 30000, '2023-09-05', 78);
INSERT INTO employees VALUES (75, 'Amit Singh', NULL, 30000, '2016-09-15', 26);
INSERT INTO employees VALUES (76, 'Nitin Singh', 12, 30000, '2019-03-05', 67);
INSERT INTO employees VALUES (77, 'Megha Jain', 9, 50000, '2021-09-12', 54);
INSERT INTO employees VALUES (78, NULL, 13, 100000, '2017-08-22', 66);
INSERT INTO employees VALUES (79, NULL, 26, 50000, '2021-06-03', 37);
INSERT INTO employees VALUES (80, 'Priya Singh', 46, 100000, '2017-09-25', 64);
INSERT INTO employees VALUES (81, 'Manish Singh', 30, 100000, '2024-06-03', 41);
INSERT INTO employees VALUES (82, 'Manish Verma', NULL, 30000, '2021-04-25', 40);
INSERT INTO employees VALUES (83, 'Simran Sharma', 4, 30000, '2025-01-18', 60);
INSERT INTO employees VALUES (84, 'Priya Mishra', 12, 50000, '2023-12-08', 29);
INSERT INTO employees VALUES (85, 'Karan Verma', 28, 100000, '2019-11-09', 25);
INSERT INTO employees VALUES (86, 'Priya Yadav', NULL, 150000, '2021-01-27', 79);
INSERT INTO employees VALUES (87, 'Rohit Mishra', 3, 30000, '2016-11-17', 39);
INSERT INTO employees VALUES (88, 'Sneha Verma', 6, 30000, '2018-09-12', 48);
INSERT INTO employees VALUES (89, 'Ritika Verma', 14, 30000, '2016-12-04', 72);
INSERT INTO employees VALUES (90, 'Pooja Gupta', NULL, 100000, '2022-02-26', 69);
INSERT INTO employees VALUES (91, 'Suresh Mishra', 49, 50000, '2017-09-27', 74);
INSERT INTO employees VALUES (92, NULL, 34, 30000, '2019-09-20', 52);
INSERT INTO employees VALUES (93, 'Sneha Verma', 47, 150000, '2018-09-09', 48);
INSERT INTO employees VALUES (94, 'Ritika Jain', 49, 50000, '2024-03-22', 39);
INSERT INTO employees VALUES (95, 'Neha Kumar', NULL, 30000, '2024-10-21', 39);
INSERT INTO employees VALUES (96, 'Manish Jain', 26, 30000, '2024-03-11', 21);
INSERT INTO employees VALUES (97, 'Megha Verma', NULL, 50000, '2023-05-14', 64);
INSERT INTO employees VALUES (98, 'Kavita Yadav', 46, 50000, '2023-09-18', 62);
INSERT INTO employees VALUES (99, 'Sneha Mishra', 33, 50000, '2017-07-09', 68);
INSERT INTO employees VALUES (100, 'Kavita Verma', NULL, 50000, '2019-01-11', 18);
INSERT INTO employees VALUES (101, NULL, 42, 30000, '2022-12-17', 69);
INSERT INTO employees VALUES (102, 'Suresh Kumar', 6, 150000, '2018-05-13', 63);
INSERT INTO employees VALUES (103, 'Simran Mishra', 39, 50000, '2020-12-14', 57);
INSERT INTO employees VALUES (104, 'Ritika Sharma', 34, 30000, '2023-08-21', 70);
INSERT INTO employees VALUES (105, 'Kavita Gupta', 6, 50000, '2016-10-10', 57);
INSERT INTO employees VALUES (106, 'Deepak Kumar', 46, 30000, '2022-07-18', 71);
INSERT INTO employees VALUES (107, 'Sneha Yadav', 8, 100000, '2023-08-18', 34);
INSERT INTO employees VALUES (108, 'Suresh Sharma', 49, 150000, '2017-10-10', 35);
INSERT INTO employees VALUES (109, 'Vikas Singh', 33, 30000, '2016-10-29', 32);
INSERT INTO employees VALUES (110, 'Isha Sharma', 12, 100000, '2019-09-29', 33);
INSERT INTO employees VALUES (111, 'Arjun Sharma', 38, 30000, '2018-03-17', 72);
INSERT INTO employees VALUES (112, 'Rahul Verma', 35, 50000, '2019-03-19', 40);
INSERT INTO employees VALUES (113, 'Nitin Sharma', 11, 30000, '2017-12-01', 48);
INSERT INTO employees VALUES (114, 'Nitin Jain', 22, 30000, '2019-06-29', 28);
INSERT INTO employees VALUES (115, 'Isha Yadav', 3, 100000, '2020-11-27', 49);
INSERT INTO employees VALUES (116, 'Suresh Kumar', 9, 50000, '2025-04-20', 18);
INSERT INTO employees VALUES (117, 'Kavita Yadav', 19, 100000, '2023-12-28', 18);
INSERT INTO employees VALUES (118, 'Anjali Gupta', 18, 100000, '2017-03-25', 57);
INSERT INTO employees VALUES (119, 'Vikas Verma', NULL, 100000, '2024-11-14', 55);
INSERT INTO employees VALUES (120, 'Anjali Sharma', 46, 30000, '2019-10-21', 45);
INSERT INTO employees VALUES (121, 'Pooja Jain', 47, 150000, '2021-02-17', 36);
INSERT INTO employees VALUES (122, 'Ritika Gupta', 46, 30000, '2025-06-17', 21);
INSERT INTO employees VALUES (123, 'Kavita Gupta', 24, 30000, '2025-08-05', 23);
INSERT INTO employees VALUES (124, 'Vikas Singh', 45, 30000, '2018-03-12', 35);
INSERT INTO employees VALUES (125, 'Ritika Verma', 37, 30000, '2022-02-17', 80);
INSERT INTO employees VALUES (126, 'Megha Jain', 5, 150000, '2018-08-02', 46);
INSERT INTO employees VALUES (127, 'Karan Yadav', 11, 30000, '2020-02-20', 67);
INSERT INTO employees VALUES (128, 'Megha Kumar', 18, 50000, '2026-03-06', 71);
INSERT INTO employees VALUES (129, 'Anjali Sharma', 14, 30000, '2019-08-10', 23);
INSERT INTO employees VALUES (130, NULL, 31, 30000, '2018-02-06', 26);
INSERT INTO employees VALUES (131, 'Anjali Jain', 50, 100000, '2025-10-12', 41);
INSERT INTO employees VALUES (132, 'Rohit Yadav', 36, 100000, '2018-06-23', 54);
INSERT INTO employees VALUES (133, 'Megha Verma', 19, 30000, '2025-02-01', 37);
INSERT INTO employees VALUES (134, 'Isha Singh', 28, 30000, '2017-04-24', 65);
INSERT INTO employees VALUES (135, 'Priya Yadav', 21, 30000, '2024-01-09', 29);
INSERT INTO employees VALUES (136, 'Amit Gupta', 25, 30000, '2017-01-29', 29);
INSERT INTO employees VALUES (137, 'Amit Gupta', 28, 30000, '2020-11-26', 75);
INSERT INTO employees VALUES (138, 'Rohit Yadav', 15, 100000, '2018-02-07', 53);
INSERT INTO employees VALUES (139, 'Sneha Verma', 32, 50000, '2020-10-09', 34);
INSERT INTO employees VALUES (140, 'Isha Gupta', NULL, 50000, '2024-05-05', 77);
INSERT INTO employees VALUES (141, 'Anjali Verma', 22, 100000, '2024-08-18', 27);
INSERT INTO employees VALUES (142, 'Simran Gupta', 22, 30000, '2020-09-05', 29);
INSERT INTO employees VALUES (143, 'Karan Gupta', 2, 50000, '2024-03-14', 35);
INSERT INTO employees VALUES (144, 'Isha Verma', 7, 30000, '2018-04-02', 49);
INSERT INTO employees VALUES (145, 'Anjali Singh', 41, 100000, '2026-02-04', 79);
INSERT INTO employees VALUES (146, 'Rohit Sharma', 25, 30000, '2022-05-03', 53);
INSERT INTO employees VALUES (147, 'Arjun Sharma', 32, 50000, '2025-04-18', 77);
INSERT INTO employees VALUES (148, 'Simran Sharma', 35, 100000, '2026-03-21', 28);
INSERT INTO employees VALUES (149, 'Nitin Verma', 32, 30000, '2026-02-08', 69);
INSERT INTO employees VALUES (150, 'Rohit Yadav', 11, 50000, '2022-03-21', 68);
INSERT INTO employees VALUES (151, 'Suresh Singh', NULL, 30000, '2021-10-19', 21);
INSERT INTO employees VALUES (152, 'Ritika Yadav', 30, 30000, '2022-05-01', 31);
INSERT INTO employees VALUES (153, 'Sneha Mishra', 30, 30000, '2023-06-30', 22);
INSERT INTO employees VALUES (154, 'Anjali Kumar', 40, 50000, '2020-01-17', 68);
INSERT INTO employees VALUES (155, 'Rohit Sharma', 27, 50000, '2025-03-22', 73);
INSERT INTO employees VALUES (156, 'Rohit Yadav', 22, 30000, '2025-03-31', 28);
INSERT INTO employees VALUES (157, 'Rahul Verma', 20, 150000, '2016-08-02', 49);
INSERT INTO employees VALUES (158, 'Megha Kumar', NULL, 30000, '2019-11-12', 41);
INSERT INTO employees VALUES (159, 'Nitin Mishra', 19, 30000, '2018-03-08', 60);
INSERT INTO employees VALUES (160, 'Deepak Yadav', 34, 100000, '2025-08-30', 31);
INSERT INTO employees VALUES (161, 'Arjun Sharma', NULL, 50000, '2022-11-05', 79);
INSERT INTO employees VALUES (162, 'Megha Verma', 1, 30000, '2023-07-18', 47);
INSERT INTO employees VALUES (163, 'Rohit Jain', 34, 100000, '2017-11-09', 55);
INSERT INTO employees VALUES (164, NULL, 44, 30000, '2021-05-04', 52);
INSERT INTO employees VALUES (165, 'Ritika Yadav', 23, 100000, '2018-03-16', 75);
INSERT INTO employees VALUES (166, 'Suresh Kumar', 23, 100000, '2024-09-06', 77);
INSERT INTO employees VALUES (167, 'Isha Gupta', 42, 30000, '2023-05-04', 79);
INSERT INTO employees VALUES (168, 'Rohit Kumar', 18, 50000, '2026-02-07', 55);
INSERT INTO employees VALUES (169, NULL, 39, 30000, '2024-03-24', 80);
INSERT INTO employees VALUES (170, 'Megha Yadav', 12, 30000, '2023-09-03', 53);
INSERT INTO employees VALUES (171, 'Neha Singh', 1, 30000, '2016-07-29', 30);
INSERT INTO employees VALUES (172, 'Deepak Gupta', 40, 30000, '2019-10-23', 73);
INSERT INTO employees VALUES (173, NULL, 4, 50000, '2024-09-26', 75);
INSERT INTO employees VALUES (174, 'Isha Gupta', 36, 50000, '2021-11-28', 58);
INSERT INTO employees VALUES (175, 'Vikas Sharma', NULL, 30000, '2018-12-28', 76);
INSERT INTO employees VALUES (176, 'Pooja Jain', 32, 30000, '2025-04-08', 60);
INSERT INTO employees VALUES (177, 'Deepak Singh', 43, 30000, '2025-08-07', 79);
INSERT INTO employees VALUES (178, 'Arjun Mishra', 47, 30000, '2023-09-02', 19);
INSERT INTO employees VALUES (179, 'Arjun Sharma', 5, 100000, '2017-04-30', 38);
INSERT INTO employees VALUES (180, 'Ritika Singh', 20, 100000, '2018-01-19', 44);
INSERT INTO employees VALUES (181, NULL, 18, 30000, '2018-02-21', 53);
INSERT INTO employees VALUES (182, 'Arjun Gupta', 24, 30000, '2021-06-24', 22);
INSERT INTO employees VALUES (183, 'Manish Verma', 33, 150000, '2024-02-09', 80);
INSERT INTO employees VALUES (184, 'Manish Mishra', 9, 30000, '2023-08-09', 31);
INSERT INTO employees VALUES (185, 'Simran Sharma', 47, 30000, '2023-05-26', 38);
INSERT INTO employees VALUES (186, NULL, NULL, 50000, '2019-01-10', 31);
INSERT INTO employees VALUES (187, 'Neha Singh', 34, 150000, '2017-05-22', 59);
INSERT INTO employees VALUES (188, 'Sneha Sharma', 17, 50000, '2019-09-09', 80);
INSERT INTO employees VALUES (189, 'Manish Jain', 33, 30000, '2018-01-25', 32);
INSERT INTO employees VALUES (190, 'Ritika Verma', 10, 30000, '2025-03-02', 78);
INSERT INTO employees VALUES (191, 'Arjun Kumar', 18, 100000, '2016-05-21', 53);
INSERT INTO employees VALUES (192, 'Priya Kumar', 29, 100000, '2020-11-04', 74);
INSERT INTO employees VALUES (193, 'Rahul Singh', 46, 30000, '2020-05-12', 70);
INSERT INTO employees VALUES (194, 'Anjali Verma', 45, 30000, '2020-04-05', 54);
INSERT INTO employees VALUES (195, 'Simran Singh', 16, 50000, '2025-09-29', 36);
INSERT INTO employees VALUES (196, 'Nitin Jain', 42, 50000, '2022-08-15', 60);
INSERT INTO employees VALUES (197, 'Vikas Kumar', 39, 30000, '2016-06-20', 21);
INSERT INTO employees VALUES (198, 'Sneha Sharma', 43, 50000, '2019-10-30', 53);
INSERT INTO employees VALUES (199, 'Rohit Jain', 37, 100000, '2025-07-20', 53);
INSERT INTO employees VALUES (200, 'Simran Singh', 50, 30000, '2018-10-31', 39);

CREATE TABLE customers (
    customer_id INT PRIMARY KEY,
    customer_name VARCHAR(50),
    city VARCHAR(50),
    age INT
);

INSERT INTO customers VALUES (1, 'Isha Mishra', NULL, 73);
INSERT INTO customers VALUES (2, 'Megha Verma', 'Mumbai', 55);
INSERT INTO customers VALUES (3, 'Megha Verma', 'Pune', 38);
INSERT INTO customers VALUES (4, 'Ritika Sharma', 'Kolkata', 22);
INSERT INTO customers VALUES (5, 'Manish Yadav', 'Bangalore', 41);
INSERT INTO customers VALUES (6, 'Isha Verma', 'Mumbai', 28);
INSERT INTO customers VALUES (7, 'Kavita Gupta', NULL, 45);
INSERT INTO customers VALUES (8, 'Ritika Sharma', 'Hyderabad', 59);
INSERT INTO customers VALUES (9, 'Karan Yadav', 'Bangalore', 75);
INSERT INTO customers VALUES (10, 'Rohit Yadav', NULL, 58);
INSERT INTO customers VALUES (11, 'Sneha Yadav', 'Hyderabad', 49);
INSERT INTO customers VALUES (12, 'Suresh Verma', 'Pune', 28);
INSERT INTO customers VALUES (13, 'Suresh Sharma', 'Bangalore', 49);
INSERT INTO customers VALUES (14, 'Simran Verma', 'Bangalore', 64);
INSERT INTO customers VALUES (15, 'Arjun Sharma', 'Kolkata', 50);
INSERT INTO customers VALUES (16, 'Rohit Verma', 'Pune', 63);
INSERT INTO customers VALUES (17, 'Priya Yadav', 'Kolkata', 40);
INSERT INTO customers VALUES (18, 'Deepak Sharma', 'Delhi', 70);
INSERT INTO customers VALUES (19, 'Vikas Mishra', 'Bangalore', 58);
INSERT INTO customers VALUES (20, 'Suresh Mishra', NULL, 56);
INSERT INTO customers VALUES (21, 'Ritika Gupta', 'Kolkata', 35);
INSERT INTO customers VALUES (22, 'Anjali Kumar', 'Bangalore', 69);
INSERT INTO customers VALUES (23, 'Kavita Gupta', 'Bangalore', 71);
INSERT INTO customers VALUES (24, 'Suresh Gupta', 'Mumbai', 52);
INSERT INTO customers VALUES (25, 'Ritika Mishra', 'Bangalore', 41);
INSERT INTO customers VALUES (26, 'Ritika Mishra', 'Mumbai', 22);
INSERT INTO customers VALUES (27, 'Sneha Mishra', 'Bangalore', 47);
INSERT INTO customers VALUES (28, 'Ritika Yadav', 'Mumbai', 78);
INSERT INTO customers VALUES (29, 'Vikas Yadav', 'Pune', 29);
INSERT INTO customers VALUES (30, 'Rahul Gupta', 'Mumbai', 66);
INSERT INTO customers VALUES (31, 'Manish Mishra', 'Bangalore', 28);
INSERT INTO customers VALUES (32, 'Anjali Sharma', 'Hyderabad', 57);
INSERT INTO customers VALUES (33, 'Simran Jain', 'Delhi', 55);
INSERT INTO customers VALUES (34, 'Rahul Kumar', 'Chennai', 51);
INSERT INTO customers VALUES (35, 'Isha Jain', 'Chennai', 39);
INSERT INTO customers VALUES (36, 'Priya Gupta', NULL, 20);
INSERT INTO customers VALUES (37, 'Deepak Singh', 'Hyderabad', 52);
INSERT INTO customers VALUES (38, 'Suresh Sharma', 'Pune', 63);
INSERT INTO customers VALUES (39, 'Nitin Kumar', 'Delhi', 30);
INSERT INTO customers VALUES (40, 'Manish Gupta', 'Kolkata', 50);
INSERT INTO customers VALUES (41, 'Ritika Sharma', 'Pune', 54);
INSERT INTO customers VALUES (42, 'Isha Yadav', NULL, 22);
INSERT INTO customers VALUES (43, 'Rohit Verma', 'Delhi', 65);
INSERT INTO customers VALUES (44, 'Rahul Singh', 'Hyderabad', 38);
INSERT INTO customers VALUES (45, 'Pooja Sharma', 'Chennai', 55);
INSERT INTO customers VALUES (46, 'Nitin Mishra', 'Mumbai', 33);
INSERT INTO customers VALUES (47, 'Karan Jain', 'Delhi', 78);
INSERT INTO customers VALUES (48, 'Arjun Jain', 'Delhi', 31);
INSERT INTO customers VALUES (49, 'Arjun Singh', 'Pune', 74);
INSERT INTO customers VALUES (50, 'Kavita Gupta', 'Bangalore', 73);
INSERT INTO customers VALUES (51, 'Rohit Verma', 'Pune', 28);
INSERT INTO customers VALUES (52, 'Neha Sharma', 'Pune', 73);
INSERT INTO customers VALUES (53, 'Manish Yadav', 'Delhi', 58);
INSERT INTO customers VALUES (54, 'Arjun Verma', 'Bangalore', 58);
INSERT INTO customers VALUES (55, 'Anjali Mishra', 'Hyderabad', 54);
INSERT INTO customers VALUES (56, 'Vikas Verma', 'Hyderabad', 18);
INSERT INTO customers VALUES (57, 'Priya Sharma', 'Chennai', 50);
INSERT INTO customers VALUES (58, 'Sneha Sharma', 'Mumbai', 52);
INSERT INTO customers VALUES (59, 'Karan Sharma', 'Mumbai', 50);
INSERT INTO customers VALUES (60, 'Vikas Gupta', 'Hyderabad', 79);
INSERT INTO customers VALUES (61, 'Manish Sharma', 'Chennai', 64);
INSERT INTO customers VALUES (62, 'Karan Mishra', 'Mumbai', 19);
INSERT INTO customers VALUES (63, 'Suresh Mishra', 'Chennai', 28);
INSERT INTO customers VALUES (64, 'Priya Gupta', 'Delhi', 75);
INSERT INTO customers VALUES (65, 'Kavita Yadav', 'Mumbai', 57);
INSERT INTO customers VALUES (66, 'Nitin Gupta', 'Hyderabad', 22);
INSERT INTO customers VALUES (67, 'Kavita Verma', 'Hyderabad', 50);
INSERT INTO customers VALUES (68, 'Pooja Verma', 'Pune', 32);
INSERT INTO customers VALUES (69, 'Simran Kumar', 'Bangalore', 23);
INSERT INTO customers VALUES (70, 'Neha Yadav', 'Bangalore', 18);
INSERT INTO customers VALUES (71, 'Manish Mishra', 'Bangalore', 52);
INSERT INTO customers VALUES (72, 'Ritika Gupta', NULL, 24);
INSERT INTO customers VALUES (73, 'Rohit Yadav', 'Pune', 24);
INSERT INTO customers VALUES (74, 'Deepak Sharma', 'Mumbai', 39);
INSERT INTO customers VALUES (75, 'Isha Kumar', 'Pune', 25);
INSERT INTO customers VALUES (76, 'Rahul Gupta', 'Mumbai', 63);
INSERT INTO customers VALUES (77, 'Arjun Singh', 'Pune', 32);
INSERT INTO customers VALUES (78, 'Sneha Jain', 'Delhi', 41);
INSERT INTO customers VALUES (79, 'Priya Mishra', 'Delhi', 50);
INSERT INTO customers VALUES (80, 'Neha Sharma', 'Delhi', 57);
INSERT INTO customers VALUES (81, 'Amit Singh', NULL, 28);
INSERT INTO customers VALUES (82, 'Priya Yadav', 'Chennai', 61);
INSERT INTO customers VALUES (83, 'Suresh Mishra', 'Hyderabad', 60);
INSERT INTO customers VALUES (84, 'Rohit Yadav', 'Delhi', 25);
INSERT INTO customers VALUES (85, 'Anjali Kumar', 'Chennai', 78);
INSERT INTO customers VALUES (86, 'Deepak Singh', 'Chennai', 48);
INSERT INTO customers VALUES (87, 'Suresh Jain', 'Chennai', 34);
INSERT INTO customers VALUES (88, 'Rohit Kumar', 'Delhi', 26);
INSERT INTO customers VALUES (89, 'Kavita Kumar', 'Mumbai', 45);
INSERT INTO customers VALUES (90, 'Priya Singh', 'Pune', 62);
INSERT INTO customers VALUES (91, 'Simran Sharma', 'Pune', 33);
INSERT INTO customers VALUES (92, 'Simran Jain', 'Hyderabad', 24);
INSERT INTO customers VALUES (93, 'Anjali Gupta', 'Pune', 18);
INSERT INTO customers VALUES (94, 'Suresh Jain', 'Mumbai', 79);
INSERT INTO customers VALUES (95, 'Rahul Verma', 'Chennai', 18);
INSERT INTO customers VALUES (96, 'Ritika Verma', 'Bangalore', 32);
INSERT INTO customers VALUES (97, 'Karan Jain', 'Bangalore', 21);
INSERT INTO customers VALUES (98, 'Manish Gupta', 'Mumbai', 75);
INSERT INTO customers VALUES (99, 'Sneha Verma', 'Mumbai', 62);
INSERT INTO customers VALUES (100, 'Simran Jain', 'Bangalore', 32);
INSERT INTO customers VALUES (101, 'Megha Singh', 'Hyderabad', 26);
INSERT INTO customers VALUES (102, 'Kavita Kumar', 'Mumbai', 38);
INSERT INTO customers VALUES (103, 'Megha Verma', 'Pune', 27);
INSERT INTO customers VALUES (104, 'Rohit Mishra', 'Mumbai', 80);
INSERT INTO customers VALUES (105, 'Deepak Kumar', 'Delhi', 52);
INSERT INTO customers VALUES (106, 'Ritika Sharma', NULL, 57);
INSERT INTO customers VALUES (107, 'Karan Singh', 'Mumbai', 29);
INSERT INTO customers VALUES (108, 'Ritika Verma', 'Hyderabad', 64);
INSERT INTO customers VALUES (109, 'Nitin Singh', 'Pune', 74);
INSERT INTO customers VALUES (110, 'Vikas Yadav', 'Delhi', 49);
INSERT INTO customers VALUES (111, 'Neha Verma', 'Chennai', 72);
INSERT INTO customers VALUES (112, 'Amit Mishra', 'Chennai', 22);
INSERT INTO customers VALUES (113, 'Sneha Mishra', 'Mumbai', 21);
INSERT INTO customers VALUES (114, 'Amit Verma', NULL, 43);
INSERT INTO customers VALUES (115, 'Rahul Gupta', 'Bangalore', 68);
INSERT INTO customers VALUES (116, 'Amit Singh', 'Delhi', 21);
INSERT INTO customers VALUES (117, 'Deepak Yadav', 'Mumbai', 77);
INSERT INTO customers VALUES (118, 'Pooja Gupta', 'Chennai', 25);
INSERT INTO customers VALUES (119, 'Manish Kumar', 'Chennai', 21);
INSERT INTO customers VALUES (120, 'Pooja Kumar', 'Chennai', 32);
INSERT INTO customers VALUES (121, 'Rahul Singh', 'Bangalore', 80);
INSERT INTO customers VALUES (122, 'Rohit Verma', 'Delhi', 57);
INSERT INTO customers VALUES (123, 'Megha Mishra', 'Mumbai', 20);
INSERT INTO customers VALUES (124, 'Anjali Sharma', 'Hyderabad', 79);
INSERT INTO customers VALUES (125, 'Ritika Gupta', 'Pune', 44);
INSERT INTO customers VALUES (126, 'Suresh Jain', NULL, 34);
INSERT INTO customers VALUES (127, 'Nitin Yadav', 'Hyderabad', 42);
INSERT INTO customers VALUES (128, 'Priya Mishra', NULL, 45);
INSERT INTO customers VALUES (129, 'Pooja Jain', 'Kolkata', 31);
INSERT INTO customers VALUES (130, 'Megha Kumar', 'Mumbai', 55);
INSERT INTO customers VALUES (131, 'Anjali Kumar', 'Bangalore', 69);
INSERT INTO customers VALUES (132, 'Sneha Gupta', 'Kolkata', 72);
INSERT INTO customers VALUES (133, 'Amit Kumar', 'Mumbai', 29);
INSERT INTO customers VALUES (134, 'Vikas Jain', 'Kolkata', 65);
INSERT INTO customers VALUES (135, 'Pooja Kumar', 'Mumbai', 34);
INSERT INTO customers VALUES (136, 'Vikas Yadav', 'Hyderabad', 37);
INSERT INTO customers VALUES (137, 'Rohit Jain', 'Mumbai', 49);
INSERT INTO customers VALUES (138, 'Megha Sharma', 'Hyderabad', 80);
INSERT INTO customers VALUES (139, 'Neha Yadav', 'Hyderabad', 53);
INSERT INTO customers VALUES (140, 'Nitin Sharma', 'Bangalore', 60);
INSERT INTO customers VALUES (141, 'Deepak Kumar', 'Bangalore', 48);
INSERT INTO customers VALUES (142, 'Kavita Sharma', NULL, 24);
INSERT INTO customers VALUES (143, 'Suresh Mishra', 'Delhi', 65);
INSERT INTO customers VALUES (144, 'Priya Mishra', 'Chennai', 61);
INSERT INTO customers VALUES (145, 'Rahul Gupta', 'Delhi', 20);
INSERT INTO customers VALUES (146, 'Manish Gupta', 'Mumbai', 31);
INSERT INTO customers VALUES (147, 'Megha Gupta', 'Chennai', 45);
INSERT INTO customers VALUES (148, 'Ritika Verma', 'Kolkata', 79);
INSERT INTO customers VALUES (149, 'Sneha Sharma', 'Kolkata', 63);
INSERT INTO customers VALUES (150, 'Ritika Mishra', 'Kolkata', 61);
INSERT INTO customers VALUES (151, 'Rahul Singh', 'Hyderabad', 36);
INSERT INTO customers VALUES (152, 'Nitin Singh', NULL, 66);
INSERT INTO customers VALUES (153, 'Simran Jain', 'Bangalore', 45);
INSERT INTO customers VALUES (154, 'Nitin Jain', NULL, 58);
INSERT INTO customers VALUES (155, 'Megha Verma', 'Bangalore', 23);
INSERT INTO customers VALUES (156, 'Pooja Gupta', 'Bangalore', 36);
INSERT INTO customers VALUES (157, 'Priya Mishra', 'Mumbai', 24);
INSERT INTO customers VALUES (158, 'Isha Sharma', 'Mumbai', 34);
INSERT INTO customers VALUES (159, 'Anjali Verma', 'Kolkata', 71);
INSERT INTO customers VALUES (160, 'Nitin Kumar', 'Hyderabad', 37);
INSERT INTO customers VALUES (161, 'Anjali Kumar', 'Delhi', 63);
INSERT INTO customers VALUES (162, 'Suresh Mishra', NULL, 51);
INSERT INTO customers VALUES (163, 'Karan Mishra', 'Bangalore', 79);
INSERT INTO customers VALUES (164, 'Deepak Yadav', 'Pune', 58);
INSERT INTO customers VALUES (165, 'Deepak Gupta', 'Chennai', 28);
INSERT INTO customers VALUES (166, 'Amit Verma', 'Hyderabad', 41);
INSERT INTO customers VALUES (167, 'Suresh Gupta', 'Pune', 33);
INSERT INTO customers VALUES (168, 'Nitin Mishra', 'Pune', 22);
INSERT INTO customers VALUES (169, 'Anjali Gupta', 'Pune', 72);
INSERT INTO customers VALUES (170, 'Simran Jain', 'Pune', 44);
INSERT INTO customers VALUES (171, 'Rohit Jain', 'Mumbai', 35);
INSERT INTO customers VALUES (172, 'Priya Yadav', NULL, 74);
INSERT INTO customers VALUES (173, 'Kavita Kumar', 'Mumbai', 60);
INSERT INTO customers VALUES (174, 'Ritika Jain', 'Chennai', 59);
INSERT INTO customers VALUES (175, 'Karan Gupta', NULL, 46);
INSERT INTO customers VALUES (176, 'Sneha Gupta', 'Delhi', 77);
INSERT INTO customers VALUES (177, 'Isha Yadav', 'Chennai', 74);
INSERT INTO customers VALUES (178, 'Ritika Singh', 'Mumbai', 70);
INSERT INTO customers VALUES (179, 'Megha Jain', 'Hyderabad', 65);
INSERT INTO customers VALUES (180, 'Priya Singh', 'Pune', 25);
INSERT INTO customers VALUES (181, 'Anjali Verma', 'Pune', 57);
INSERT INTO customers VALUES (182, 'Deepak Verma', 'Bangalore', 43);
INSERT INTO customers VALUES (183, 'Anjali Sharma', 'Hyderabad', 78);
INSERT INTO customers VALUES (184, 'Isha Yadav', 'Delhi', 35);
INSERT INTO customers VALUES (185, 'Rohit Singh', 'Pune', 24);
INSERT INTO customers VALUES (186, 'Kavita Singh', NULL, 61);
INSERT INTO customers VALUES (187, 'Anjali Yadav', NULL, 62);
INSERT INTO customers VALUES (188, 'Amit Singh', NULL, 67);
INSERT INTO customers VALUES (189, 'Manish Mishra', 'Kolkata', 42);
INSERT INTO customers VALUES (190, 'Karan Verma', 'Kolkata', 65);
INSERT INTO customers VALUES (191, 'Amit Jain', 'Bangalore', 36);
INSERT INTO customers VALUES (192, 'Simran Jain', 'Chennai', 63);
INSERT INTO customers VALUES (193, 'Anjali Sharma', 'Chennai', 65);
INSERT INTO customers VALUES (194, 'Ritika Mishra', 'Kolkata', 48);
INSERT INTO customers VALUES (195, 'Manish Singh', 'Delhi', 74);
INSERT INTO customers VALUES (196, 'Simran Verma', 'Bangalore', 37);
INSERT INTO customers VALUES (197, 'Isha Singh', 'Bangalore', 76);
INSERT INTO customers VALUES (198, 'Karan Gupta', 'Kolkata', 43);
INSERT INTO customers VALUES (199, 'Arjun Kumar', 'Bangalore', 66);
INSERT INTO customers VALUES (200, 'Manish Gupta', 'Bangalore', 22);

CREATE TABLE products (
    product_id INT PRIMARY KEY,
    product_name VARCHAR(50),
    price INT
);

INSERT INTO products VALUES (1, 'Mouse', 10000);
INSERT INTO products VALUES (2, 'Keyboard', 20000);
INSERT INTO products VALUES (3, 'Monitor', 10000);
INSERT INTO products VALUES (4, 'Monitor', 50000);
INSERT INTO products VALUES (5, 'Monitor', 50000);
INSERT INTO products VALUES (6, 'Tablet', 50000);
INSERT INTO products VALUES (7, 'Tablet', 20000);
INSERT INTO products VALUES (8, 'Laptop', 1000);
INSERT INTO products VALUES (9, 'Mouse', 50000);
INSERT INTO products VALUES (10, 'Keyboard', 50000);
INSERT INTO products VALUES (11, 'Headphones', 1000);
INSERT INTO products VALUES (12, 'Keyboard', 10000);
INSERT INTO products VALUES (13, 'Tablet', 50000);
INSERT INTO products VALUES (14, 'Phone', 1000);
INSERT INTO products VALUES (15, 'Mouse', 2000);
INSERT INTO products VALUES (16, 'Mouse', 1000);
INSERT INTO products VALUES (17, 'Monitor', 2000);
INSERT INTO products VALUES (18, 'Keyboard', 5000);
INSERT INTO products VALUES (19, 'Laptop', 5000);
INSERT INTO products VALUES (20, 'Headphones', 10000);
INSERT INTO products VALUES (21, 'Monitor', 1000);
INSERT INTO products VALUES (22, 'Headphones', 20000);
INSERT INTO products VALUES (23, 'Laptop', 1000);
INSERT INTO products VALUES (24, 'Laptop', 2000);
INSERT INTO products VALUES (25, 'Printer', 5000);
INSERT INTO products VALUES (26, 'Tablet', 10000);
INSERT INTO products VALUES (27, 'Monitor', 5000);
INSERT INTO products VALUES (28, 'Keyboard', 50000);
INSERT INTO products VALUES (29, 'Keyboard', 5000);
INSERT INTO products VALUES (30, 'Tablet', 20000);
INSERT INTO products VALUES (31, 'Tablet', 10000);
INSERT INTO products VALUES (32, 'Monitor', 2000);
INSERT INTO products VALUES (33, 'Printer', 5000);
INSERT INTO products VALUES (34, 'Mouse', 20000);
INSERT INTO products VALUES (35, 'Phone', 20000);
INSERT INTO products VALUES (36, 'Tablet', 50000);
INSERT INTO products VALUES (37, 'Mouse', 50000);
INSERT INTO products VALUES (38, 'Keyboard', 50000);
INSERT INTO products VALUES (39, 'Monitor', 10000);
INSERT INTO products VALUES (40, 'Printer', 1000);
INSERT INTO products VALUES (41, 'Phone', 1000);
INSERT INTO products VALUES (42, 'Printer', 10000);
INSERT INTO products VALUES (43, 'Printer', 50000);
INSERT INTO products VALUES (44, 'Tablet', 10000);
INSERT INTO products VALUES (45, 'Laptop', 5000);
INSERT INTO products VALUES (46, 'Phone', 2000);
INSERT INTO products VALUES (47, 'Printer', 1000);
INSERT INTO products VALUES (48, 'Monitor', 2000);
INSERT INTO products VALUES (49, 'Phone', 5000);
INSERT INTO products VALUES (50, 'Monitor', 20000);
INSERT INTO products VALUES (51, 'Mouse', 5000);
INSERT INTO products VALUES (52, 'Keyboard', 2000);
INSERT INTO products VALUES (53, 'Phone', 2000);
INSERT INTO products VALUES (54, 'Keyboard', 10000);
INSERT INTO products VALUES (55, 'Phone', 50000);
INSERT INTO products VALUES (56, 'Keyboard', 2000);
INSERT INTO products VALUES (57, 'Tablet', 1000);
INSERT INTO products VALUES (58, 'Phone', 1000);
INSERT INTO products VALUES (59, 'Printer', 10000);
INSERT INTO products VALUES (60, 'Monitor', 50000);
INSERT INTO products VALUES (61, 'Monitor', 1000);
INSERT INTO products VALUES (62, 'Printer', 10000);
INSERT INTO products VALUES (63, 'Printer', 20000);
INSERT INTO products VALUES (64, 'Tablet', 5000);
INSERT INTO products VALUES (65, 'Phone', 50000);
INSERT INTO products VALUES (66, 'Monitor', 50000);
INSERT INTO products VALUES (67, 'Phone', 20000);
INSERT INTO products VALUES (68, 'Printer', 20000);
INSERT INTO products VALUES (69, 'Mouse', 20000);
INSERT INTO products VALUES (70, 'Laptop', 5000);
INSERT INTO products VALUES (71, 'Tablet', 50000);
INSERT INTO products VALUES (72, 'Mouse', 20000);
INSERT INTO products VALUES (73, 'Printer', 10000);
INSERT INTO products VALUES (74, 'Keyboard', 5000);
INSERT INTO products VALUES (75, 'Keyboard', 10000);
INSERT INTO products VALUES (76, 'Phone', 20000);
INSERT INTO products VALUES (77, 'Mouse', 20000);
INSERT INTO products VALUES (78, 'Monitor', 50000);
INSERT INTO products VALUES (79, 'Mouse', 1000);
INSERT INTO products VALUES (80, 'Tablet', 5000);
INSERT INTO products VALUES (81, 'Tablet', 10000);
INSERT INTO products VALUES (82, 'Mouse', 2000);
INSERT INTO products VALUES (83, 'Keyboard', 20000);
INSERT INTO products VALUES (84, 'Tablet', 10000);
INSERT INTO products VALUES (85, 'Headphones', 50000);
INSERT INTO products VALUES (86, 'Tablet', 10000);
INSERT INTO products VALUES (87, 'Phone', 1000);
INSERT INTO products VALUES (88, 'Tablet', 2000);
INSERT INTO products VALUES (89, 'Keyboard', 50000);
INSERT INTO products VALUES (90, 'Headphones', 5000);
INSERT INTO products VALUES (91, 'Phone', 10000);
INSERT INTO products VALUES (92, 'Tablet', 10000);
INSERT INTO products VALUES (93, 'Phone', 2000);
INSERT INTO products VALUES (94, 'Keyboard', 2000);
INSERT INTO products VALUES (95, 'Keyboard', 50000);
INSERT INTO products VALUES (96, 'Phone', 50000);
INSERT INTO products VALUES (97, 'Mouse', 10000);
INSERT INTO products VALUES (98, 'Monitor', 20000);
INSERT INTO products VALUES (99, 'Phone', 1000);
INSERT INTO products VALUES (100, 'Mouse', 10000);

CREATE TABLE orders (
    order_id INT PRIMARY KEY,
    customer_id INT,
    order_date DATE,
    FOREIGN KEY (customer_id) REFERENCES customers(customer_id)
);

INSERT INTO orders VALUES (1, 51, '2023-06-28');
INSERT INTO orders VALUES (2, 172, '2024-02-26');
INSERT INTO orders VALUES (3, 136, '2024-08-27');
INSERT INTO orders VALUES (4, 97, '2018-04-09');
INSERT INTO orders VALUES (5, 49, '2017-01-20');
INSERT INTO orders VALUES (6, 2, '2018-10-10');
INSERT INTO orders VALUES (7, 79, '2024-02-23');
INSERT INTO orders VALUES (8, 1, '2022-10-06');
INSERT INTO orders VALUES (9, 5, '2022-02-23');
INSERT INTO orders VALUES (10, 125, '2019-11-16');
INSERT INTO orders VALUES (11, 175, '2024-07-20');
INSERT INTO orders VALUES (12, 147, '2023-09-08');
INSERT INTO orders VALUES (13, 16, '2024-05-20');
INSERT INTO orders VALUES (14, 11, '2019-12-10');
INSERT INTO orders VALUES (15, 1, '2021-05-08');
INSERT INTO orders VALUES (16, 116, '2019-01-21');
INSERT INTO orders VALUES (17, 197, '2019-07-26');
INSERT INTO orders VALUES (18, 19, '2017-07-01');
INSERT INTO orders VALUES (19, 176, '2017-08-23');
INSERT INTO orders VALUES (20, 2, '2017-01-21');
INSERT INTO orders VALUES (21, 188, '2017-12-24');
INSERT INTO orders VALUES (22, 136, '2024-05-14');
INSERT INTO orders VALUES (23, 35, '2017-05-10');
INSERT INTO orders VALUES (24, 192, '2018-04-30');
INSERT INTO orders VALUES (25, 120, '2017-02-16');
INSERT INTO orders VALUES (26, 8, '2020-09-26');
INSERT INTO orders VALUES (27, 128, '2020-07-23');
INSERT INTO orders VALUES (28, 76, '2022-08-21');
INSERT INTO orders VALUES (29, 96, '2017-08-23');
INSERT INTO orders VALUES (30, 170, '2018-02-08');
INSERT INTO orders VALUES (31, 150, '2018-11-03');
INSERT INTO orders VALUES (32, 36, '2021-04-23');
INSERT INTO orders VALUES (33, 146, '2023-04-24');
INSERT INTO orders VALUES (34, 131, '2020-12-13');
INSERT INTO orders VALUES (35, 2, '2016-11-18');
INSERT INTO orders VALUES (36, 153, '2025-02-01');
INSERT INTO orders VALUES (37, 179, '2018-05-31');
INSERT INTO orders VALUES (38, 86, '2019-08-14');
INSERT INTO orders VALUES (39, 193, '2016-04-05');
INSERT INTO orders VALUES (40, 43, '2024-03-26');
INSERT INTO orders VALUES (41, 31, '2023-12-03');
INSERT INTO orders VALUES (42, 1, '2025-07-12');
INSERT INTO orders VALUES (43, 105, '2021-05-24');
INSERT INTO orders VALUES (44, 135, '2022-06-09');
INSERT INTO orders VALUES (45, 190, '2018-11-30');
INSERT INTO orders VALUES (46, 83, '2025-09-14');
INSERT INTO orders VALUES (47, 192, '2024-09-18');
INSERT INTO orders VALUES (48, 31, '2025-01-14');
INSERT INTO orders VALUES (49, 5, '2019-06-18');
INSERT INTO orders VALUES (50, 42, '2018-10-28');
INSERT INTO orders VALUES (51, 178, '2024-04-12');
INSERT INTO orders VALUES (52, 197, '2025-10-13');
INSERT INTO orders VALUES (53, 196, '2024-06-30');
INSERT INTO orders VALUES (54, 71, '2023-06-09');
INSERT INTO orders VALUES (55, 3, '2018-12-03');
INSERT INTO orders VALUES (56, 105, '2016-08-29');
INSERT INTO orders VALUES (57, 41, '2019-08-21');
INSERT INTO orders VALUES (58, 21, '2024-12-08');
INSERT INTO orders VALUES (59, 73, '2020-06-27');
INSERT INTO orders VALUES (60, 12, '2021-02-14');
INSERT INTO orders VALUES (61, 184, '2023-12-23');
INSERT INTO orders VALUES (62, 64, '2020-11-13');
INSERT INTO orders VALUES (63, 83, '2017-08-11');
INSERT INTO orders VALUES (64, 136, '2026-03-04');
INSERT INTO orders VALUES (65, 176, '2022-02-15');
INSERT INTO orders VALUES (66, 165, '2023-05-07');
INSERT INTO orders VALUES (67, 45, '2022-11-09');
INSERT INTO orders VALUES (68, 29, '2016-05-22');
INSERT INTO orders VALUES (69, 116, '2025-07-08');
INSERT INTO orders VALUES (70, 49, '2022-09-10');
INSERT INTO orders VALUES (71, 37, '2021-08-29');
INSERT INTO orders VALUES (72, 46, '2021-11-13');
INSERT INTO orders VALUES (73, 27, '2019-08-15');
INSERT INTO orders VALUES (74, 141, '2019-08-11');
INSERT INTO orders VALUES (75, 114, '2020-08-01');
INSERT INTO orders VALUES (76, 169, '2020-03-25');
INSERT INTO orders VALUES (77, 25, '2016-07-25');
INSERT INTO orders VALUES (78, 127, '2021-03-14');
INSERT INTO orders VALUES (79, 135, '2017-07-28');
INSERT INTO orders VALUES (80, 59, '2022-07-09');
INSERT INTO orders VALUES (81, 88, '2020-08-12');
INSERT INTO orders VALUES (82, 44, '2025-11-30');
INSERT INTO orders VALUES (83, 177, '2026-03-09');
INSERT INTO orders VALUES (84, 164, '2016-05-20');
INSERT INTO orders VALUES (85, 110, '2021-06-25');
INSERT INTO orders VALUES (86, 136, '2016-10-17');
INSERT INTO orders VALUES (87, 5, '2024-08-05');
INSERT INTO orders VALUES (88, 146, '2016-05-10');
INSERT INTO orders VALUES (89, 83, '2021-12-01');
INSERT INTO orders VALUES (90, 137, '2017-06-03');
INSERT INTO orders VALUES (91, 144, '2023-05-11');
INSERT INTO orders VALUES (92, 44, '2021-02-16');
INSERT INTO orders VALUES (93, 151, '2025-11-23');
INSERT INTO orders VALUES (94, 48, '2020-11-22');
INSERT INTO orders VALUES (95, 163, '2025-04-04');
INSERT INTO orders VALUES (96, 85, '2021-09-04');
INSERT INTO orders VALUES (97, 92, '2019-05-31');
INSERT INTO orders VALUES (98, 167, '2017-12-09');
INSERT INTO orders VALUES (99, 98, '2024-10-21');
INSERT INTO orders VALUES (100, 174, '2025-04-03');
INSERT INTO orders VALUES (101, 168, '2023-01-03');
INSERT INTO orders VALUES (102, 3, '2025-04-12');
INSERT INTO orders VALUES (103, 172, '2022-07-08');
INSERT INTO orders VALUES (104, 18, '2024-08-21');
INSERT INTO orders VALUES (105, 103, '2016-10-14');
INSERT INTO orders VALUES (106, 169, '2016-07-31');
INSERT INTO orders VALUES (107, 103, '2020-03-16');
INSERT INTO orders VALUES (108, 93, '2025-09-25');
INSERT INTO orders VALUES (109, 129, '2025-11-08');
INSERT INTO orders VALUES (110, 79, '2026-03-22');
INSERT INTO orders VALUES (111, 78, '2019-09-03');
INSERT INTO orders VALUES (112, 17, '2017-05-30');
INSERT INTO orders VALUES (113, 99, '2020-10-01');
INSERT INTO orders VALUES (114, 136, '2023-10-17');
INSERT INTO orders VALUES (115, 1, '2024-09-12');
INSERT INTO orders VALUES (116, 130, '2022-09-04');
INSERT INTO orders VALUES (117, 1, '2021-07-05');
INSERT INTO orders VALUES (118, 1, '2022-11-23');
INSERT INTO orders VALUES (119, 57, '2016-11-12');
INSERT INTO orders VALUES (120, 44, '2016-06-11');
INSERT INTO orders VALUES (121, 86, '2021-07-24');
INSERT INTO orders VALUES (122, 96, '2022-10-28');
INSERT INTO orders VALUES (123, 60, '2020-04-13');
INSERT INTO orders VALUES (124, 198, '2017-02-24');
INSERT INTO orders VALUES (125, 30, '2018-06-03');
INSERT INTO orders VALUES (126, 160, '2024-10-06');
INSERT INTO orders VALUES (127, 156, '2016-08-22');
INSERT INTO orders VALUES (128, 168, '2025-10-24');
INSERT INTO orders VALUES (129, 153, '2020-04-20');
INSERT INTO orders VALUES (130, 130, '2022-03-05');
INSERT INTO orders VALUES (131, 116, '2024-12-28');
INSERT INTO orders VALUES (132, 95, '2023-06-09');
INSERT INTO orders VALUES (133, 120, '2022-10-23');
INSERT INTO orders VALUES (134, 89, '2025-05-09');
INSERT INTO orders VALUES (135, 162, '2019-07-23');
INSERT INTO orders VALUES (136, 138, '2024-03-24');
INSERT INTO orders VALUES (137, 39, '2018-03-22');
INSERT INTO orders VALUES (138, 95, '2023-11-23');
INSERT INTO orders VALUES (139, 178, '2022-10-28');
INSERT INTO orders VALUES (140, 2, '2024-08-28');
INSERT INTO orders VALUES (141, 45, '2024-01-15');
INSERT INTO orders VALUES (142, 113, '2018-12-09');
INSERT INTO orders VALUES (143, 58, '2020-08-27');
INSERT INTO orders VALUES (144, 95, '2022-11-11');
INSERT INTO orders VALUES (145, 74, '2023-05-11');
INSERT INTO orders VALUES (146, 96, '2017-06-04');
INSERT INTO orders VALUES (147, 151, '2021-10-10');
INSERT INTO orders VALUES (148, 197, '2020-11-13');
INSERT INTO orders VALUES (149, 89, '2020-06-07');
INSERT INTO orders VALUES (150, 46, '2024-03-25');
INSERT INTO orders VALUES (151, 4, '2017-10-04');
INSERT INTO orders VALUES (152, 7, '2021-10-01');
INSERT INTO orders VALUES (153, 153, '2018-11-10');
INSERT INTO orders VALUES (154, 5, '2022-06-24');
INSERT INTO orders VALUES (155, 196, '2016-11-15');
INSERT INTO orders VALUES (156, 31, '2018-01-23');
INSERT INTO orders VALUES (157, 2, '2024-09-15');
INSERT INTO orders VALUES (158, 5, '2024-02-26');
INSERT INTO orders VALUES (159, 189, '2021-07-13');
INSERT INTO orders VALUES (160, 163, '2018-04-23');
INSERT INTO orders VALUES (161, 42, '2024-07-20');
INSERT INTO orders VALUES (162, 10, '2024-08-08');
INSERT INTO orders VALUES (163, 2, '2020-08-04');
INSERT INTO orders VALUES (164, 22, '2019-05-12');
INSERT INTO orders VALUES (165, 23, '2020-11-29');
INSERT INTO orders VALUES (166, 25, '2021-01-01');
INSERT INTO orders VALUES (167, 149, '2019-05-17');
INSERT INTO orders VALUES (168, 198, '2022-01-16');
INSERT INTO orders VALUES (169, 178, '2019-06-22');
INSERT INTO orders VALUES (170, 124, '2022-04-04');
INSERT INTO orders VALUES (171, 19, '2018-09-20');
INSERT INTO orders VALUES (172, 153, '2026-01-27');
INSERT INTO orders VALUES (173, 1, '2020-06-24');
INSERT INTO orders VALUES (174, 117, '2023-12-12');
INSERT INTO orders VALUES (175, 162, '2022-07-08');
INSERT INTO orders VALUES (176, 30, '2021-02-15');
INSERT INTO orders VALUES (177, 170, '2021-06-08');
INSERT INTO orders VALUES (178, 106, '2025-11-07');
INSERT INTO orders VALUES (179, 178, '2019-04-08');
INSERT INTO orders VALUES (180, 1, '2024-04-24');
INSERT INTO orders VALUES (181, 170, '2024-12-23');
INSERT INTO orders VALUES (182, 180, '2023-07-26');
INSERT INTO orders VALUES (183, 30, '2018-01-03');
INSERT INTO orders VALUES (184, 95, '2021-02-17');
INSERT INTO orders VALUES (185, 48, '2018-06-18');
INSERT INTO orders VALUES (186, 50, '2022-10-02');
INSERT INTO orders VALUES (187, 121, '2018-06-10');
INSERT INTO orders VALUES (188, 88, '2020-10-22');
INSERT INTO orders VALUES (189, 48, '2023-10-27');
INSERT INTO orders VALUES (190, 161, '2020-10-27');
INSERT INTO orders VALUES (191, 189, '2020-06-01');
INSERT INTO orders VALUES (192, 114, '2016-04-21');
INSERT INTO orders VALUES (193, 151, '2016-07-08');
INSERT INTO orders VALUES (194, 131, '2023-12-09');
INSERT INTO orders VALUES (195, 176, '2024-02-04');
INSERT INTO orders VALUES (196, 75, '2021-08-27');
INSERT INTO orders VALUES (197, 181, '2025-07-02');
INSERT INTO orders VALUES (198, 29, '2018-09-27');
INSERT INTO orders VALUES (199, 44, '2025-01-17');
INSERT INTO orders VALUES (200, 146, '2016-11-08');
INSERT INTO orders VALUES (201, 5, '2016-05-02');
INSERT INTO orders VALUES (202, 48, '2023-06-20');
INSERT INTO orders VALUES (203, 106, '2021-01-28');
INSERT INTO orders VALUES (204, 58, '2024-06-30');
INSERT INTO orders VALUES (205, 169, '2023-01-27');
INSERT INTO orders VALUES (206, 184, '2022-07-01');
INSERT INTO orders VALUES (207, 186, '2018-02-14');
INSERT INTO orders VALUES (208, 138, '2026-02-04');
INSERT INTO orders VALUES (209, 180, '2024-02-13');
INSERT INTO orders VALUES (210, 116, '2016-08-20');
INSERT INTO orders VALUES (211, 11, '2020-04-15');
INSERT INTO orders VALUES (212, 170, '2016-09-02');
INSERT INTO orders VALUES (213, 199, '2022-08-21');
INSERT INTO orders VALUES (214, 150, '2023-08-30');
INSERT INTO orders VALUES (215, 160, '2024-04-29');
INSERT INTO orders VALUES (216, 107, '2019-10-03');
INSERT INTO orders VALUES (217, 138, '2025-02-23');
INSERT INTO orders VALUES (218, 102, '2021-04-11');
INSERT INTO orders VALUES (219, 88, '2022-05-06');
INSERT INTO orders VALUES (220, 79, '2024-08-10');
INSERT INTO orders VALUES (221, 103, '2024-10-08');
INSERT INTO orders VALUES (222, 88, '2022-03-24');
INSERT INTO orders VALUES (223, 81, '2021-04-04');
INSERT INTO orders VALUES (224, 5, '2022-01-05');
INSERT INTO orders VALUES (225, 39, '2018-06-26');
INSERT INTO orders VALUES (226, 57, '2018-04-27');
INSERT INTO orders VALUES (227, 118, '2023-12-24');
INSERT INTO orders VALUES (228, 25, '2025-03-16');
INSERT INTO orders VALUES (229, 69, '2017-01-12');
INSERT INTO orders VALUES (230, 156, '2022-12-25');
INSERT INTO orders VALUES (231, 9, '2016-10-15');
INSERT INTO orders VALUES (232, 44, '2016-07-31');
INSERT INTO orders VALUES (233, 19, '2024-10-29');
INSERT INTO orders VALUES (234, 176, '2021-04-16');
INSERT INTO orders VALUES (235, 197, '2022-01-09');
INSERT INTO orders VALUES (236, 61, '2017-12-14');
INSERT INTO orders VALUES (237, 79, '2025-04-29');
INSERT INTO orders VALUES (238, 5, '2021-01-03');
INSERT INTO orders VALUES (239, 37, '2019-09-29');
INSERT INTO orders VALUES (240, 57, '2025-10-26');
INSERT INTO orders VALUES (241, 150, '2021-04-25');
INSERT INTO orders VALUES (242, 197, '2023-05-23');
INSERT INTO orders VALUES (243, 179, '2024-09-24');
INSERT INTO orders VALUES (244, 156, '2022-10-13');
INSERT INTO orders VALUES (245, 160, '2023-06-17');
INSERT INTO orders VALUES (246, 188, '2022-01-01');
INSERT INTO orders VALUES (247, 96, '2017-02-10');
INSERT INTO orders VALUES (248, 192, '2016-09-25');
INSERT INTO orders VALUES (249, 3, '2025-08-05');
INSERT INTO orders VALUES (250, 196, '2019-10-16');
INSERT INTO orders VALUES (251, 167, '2021-11-06');
INSERT INTO orders VALUES (252, 81, '2020-06-14');
INSERT INTO orders VALUES (253, 133, '2025-09-07');
INSERT INTO orders VALUES (254, 48, '2016-04-10');
INSERT INTO orders VALUES (255, 16, '2022-08-27');
INSERT INTO orders VALUES (256, 167, '2023-06-02');
INSERT INTO orders VALUES (257, 4, '2020-10-30');
INSERT INTO orders VALUES (258, 87, '2019-05-02');
INSERT INTO orders VALUES (259, 70, '2020-03-14');
INSERT INTO orders VALUES (260, 58, '2020-08-25');
INSERT INTO orders VALUES (261, 137, '2022-08-08');
INSERT INTO orders VALUES (262, 69, '2017-10-16');
INSERT INTO orders VALUES (263, 32, '2017-11-23');
INSERT INTO orders VALUES (264, 55, '2018-02-24');
INSERT INTO orders VALUES (265, 108, '2019-10-30');
INSERT INTO orders VALUES (266, 147, '2021-09-25');
INSERT INTO orders VALUES (267, 99, '2025-09-27');
INSERT INTO orders VALUES (268, 190, '2019-04-29');
INSERT INTO orders VALUES (269, 36, '2025-06-04');
INSERT INTO orders VALUES (270, 140, '2023-07-23');
INSERT INTO orders VALUES (271, 112, '2023-02-17');
INSERT INTO orders VALUES (272, 110, '2025-01-01');
INSERT INTO orders VALUES (273, 69, '2024-10-24');
INSERT INTO orders VALUES (274, 1, '2021-08-12');
INSERT INTO orders VALUES (275, 156, '2023-02-23');
INSERT INTO orders VALUES (276, 115, '2024-08-10');
INSERT INTO orders VALUES (277, 3, '2019-02-20');
INSERT INTO orders VALUES (278, 151, '2019-12-10');
INSERT INTO orders VALUES (279, 166, '2025-08-30');
INSERT INTO orders VALUES (280, 157, '2025-06-03');
INSERT INTO orders VALUES (281, 175, '2019-02-02');
INSERT INTO orders VALUES (282, 102, '2025-10-28');
INSERT INTO orders VALUES (283, 154, '2020-05-06');
INSERT INTO orders VALUES (284, 97, '2016-10-19');
INSERT INTO orders VALUES (285, 54, '2019-09-05');
INSERT INTO orders VALUES (286, 72, '2018-12-06');
INSERT INTO orders VALUES (287, 47, '2023-04-01');
INSERT INTO orders VALUES (288, 28, '2024-07-04');
INSERT INTO orders VALUES (289, 59, '2018-10-15');
INSERT INTO orders VALUES (290, 132, '2021-12-04');
INSERT INTO orders VALUES (291, 2, '2024-12-31');
INSERT INTO orders VALUES (292, 163, '2020-01-04');
INSERT INTO orders VALUES (293, 115, '2023-07-11');
INSERT INTO orders VALUES (294, 55, '2021-10-31');
INSERT INTO orders VALUES (295, 7, '2024-12-12');
INSERT INTO orders VALUES (296, 5, '2018-07-27');
INSERT INTO orders VALUES (297, 161, '2025-07-31');
INSERT INTO orders VALUES (298, 190, '2025-05-03');
INSERT INTO orders VALUES (299, 126, '2019-02-24');
INSERT INTO orders VALUES (300, 73, '2018-02-07');

CREATE TABLE transactions (
    txn_id INT PRIMARY KEY,
    order_id INT,
    product_id INT,
    quantity INT,
    amount INT,
    FOREIGN KEY (order_id) REFERENCES orders(order_id),
    FOREIGN KEY (product_id) REFERENCES products(product_id)
);

INSERT INTO transactions VALUES (1, 102, 60, 4, 8000);
INSERT INTO transactions VALUES (2, 137, 23, 5, 25000);
INSERT INTO transactions VALUES (3, 78, 8, 4, 20000);
INSERT INTO transactions VALUES (4, 42, 16, 5, 50000);
INSERT INTO transactions VALUES (5, 59, 54, 2, 2000);
INSERT INTO transactions VALUES (6, 75, 77, 2, 20000);
INSERT INTO transactions VALUES (7, 104, 54, 1, 5000);
INSERT INTO transactions VALUES (8, 184, 18, 5, 10000);
INSERT INTO transactions VALUES (9, 86, 78, 1, 1000);
INSERT INTO transactions VALUES (10, 122, 45, 3, 15000);
INSERT INTO transactions VALUES (11, 218, 82, 5, 5000);
INSERT INTO transactions VALUES (12, 169, 16, 4, 40000);
INSERT INTO transactions VALUES (13, 128, 17, 3, 6000);
INSERT INTO transactions VALUES (14, 155, 35, 2, 20000);
INSERT INTO transactions VALUES (15, 282, 1, 4, 20000);
INSERT INTO transactions VALUES (16, 74, 77, 4, 8000);
INSERT INTO transactions VALUES (17, 160, 49, 3, 6000);
INSERT INTO transactions VALUES (18, 195, 59, 2, 4000);
INSERT INTO transactions VALUES (19, 168, 34, 2, 10000);
INSERT INTO transactions VALUES (20, 86, 54, 4, 8000);
INSERT INTO transactions VALUES (21, 19, 24, 5, 5000);
INSERT INTO transactions VALUES (22, 97, 10, 5, 50000);
INSERT INTO transactions VALUES (23, 103, 54, 1, 1000);
INSERT INTO transactions VALUES (24, 282, 41, 1, 10000);
INSERT INTO transactions VALUES (25, 130, 15, 3, 30000);
INSERT INTO transactions VALUES (26, 17, 5, 4, 4000);
INSERT INTO transactions VALUES (27, 87, 40, 2, 20000);
INSERT INTO transactions VALUES (28, 149, 87, 2, 10000);
INSERT INTO transactions VALUES (29, 110, 70, 2, 20000);
INSERT INTO transactions VALUES (30, 115, 14, 2, 4000);
INSERT INTO transactions VALUES (31, 153, 99, 5, 10000);
INSERT INTO transactions VALUES (32, 54, 17, 5, 50000);
INSERT INTO transactions VALUES (33, 87, 10, 5, 25000);
INSERT INTO transactions VALUES (34, 205, 48, 1, 1000);
INSERT INTO transactions VALUES (35, 63, 44, 2, 2000);
INSERT INTO transactions VALUES (36, 29, 46, 1, 10000);
INSERT INTO transactions VALUES (37, 283, 48, 5, 50000);
INSERT INTO transactions VALUES (38, 80, 23, 4, 40000);
INSERT INTO transactions VALUES (39, 221, 29, 3, 15000);
INSERT INTO transactions VALUES (40, 114, 30, 2, 0);
INSERT INTO transactions VALUES (41, 253, 68, 1, 2000);
INSERT INTO transactions VALUES (42, 146, 6, 4, 40000);
INSERT INTO transactions VALUES (43, 185, 61, 2, 2000);
INSERT INTO transactions VALUES (44, 8, 59, 1, 10000);
INSERT INTO transactions VALUES (45, 120, 56, 4, 20000);
INSERT INTO transactions VALUES (46, 42, 1, 3, 15000);
INSERT INTO transactions VALUES (47, 204, 66, 2, 2000);
INSERT INTO transactions VALUES (48, 196, 30, 5, 10000);
INSERT INTO transactions VALUES (49, 120, 64, 4, 20000);
INSERT INTO transactions VALUES (50, 214, 3, 5, 5000);
INSERT INTO transactions VALUES (51, 124, 71, 3, 15000);
INSERT INTO transactions VALUES (52, 153, 93, 1, 10000);
INSERT INTO transactions VALUES (53, 17, 85, 4, 4000);
INSERT INTO transactions VALUES (54, 297, 68, 5, 25000);
INSERT INTO transactions VALUES (55, 92, 38, 2, 20000);
INSERT INTO transactions VALUES (56, 44, 96, 4, 8000);
INSERT INTO transactions VALUES (57, 34, 37, 2, 10000);
INSERT INTO transactions VALUES (58, 31, 5, 2, 10000);
INSERT INTO transactions VALUES (59, 1, 18, 3, 30000);
INSERT INTO transactions VALUES (60, 243, 53, 2, 4000);
INSERT INTO transactions VALUES (61, 221, 82, 1, 0);
INSERT INTO transactions VALUES (62, 229, 86, 3, 3000);
INSERT INTO transactions VALUES (63, 83, 62, 3, 3000);
INSERT INTO transactions VALUES (64, 64, 86, 4, 20000);
INSERT INTO transactions VALUES (65, 268, 39, 1, 10000);
INSERT INTO transactions VALUES (66, 282, 75, 1, 5000);
INSERT INTO transactions VALUES (67, 100, 58, 4, 20000);
INSERT INTO transactions VALUES (68, 49, 100, 1, 5000);
INSERT INTO transactions VALUES (69, 89, 46, 4, 4000);
INSERT INTO transactions VALUES (70, 283, 35, 5, 25000);
INSERT INTO transactions VALUES (71, 213, 90, 3, 3000);
INSERT INTO transactions VALUES (72, 183, 32, 5, 25000);
INSERT INTO transactions VALUES (73, 140, 20, 1, 2000);
INSERT INTO transactions VALUES (74, 231, 47, 4, 4000);
INSERT INTO transactions VALUES (75, 126, 55, 5, 25000);
INSERT INTO transactions VALUES (76, 291, 53, 5, 10000);
INSERT INTO transactions VALUES (77, 120, 54, 1, 1000);
INSERT INTO transactions VALUES (78, 168, 15, 5, 10000);
INSERT INTO transactions VALUES (79, 215, 2, 3, 30000);
INSERT INTO transactions VALUES (80, 41, 16, 5, 10000);
INSERT INTO transactions VALUES (81, 171, 94, 2, 10000);
INSERT INTO transactions VALUES (82, 246, 79, 2, 4000);
INSERT INTO transactions VALUES (83, 229, 15, 5, 25000);
INSERT INTO transactions VALUES (84, 37, 88, 2, 20000);
INSERT INTO transactions VALUES (85, 107, 17, 1, 2000);
INSERT INTO transactions VALUES (86, 209, 91, 3, 15000);
INSERT INTO transactions VALUES (87, 278, 66, 4, 20000);
INSERT INTO transactions VALUES (88, 15, 75, 4, 4000);
INSERT INTO transactions VALUES (89, 235, 38, 5, 25000);
INSERT INTO transactions VALUES (90, 157, 6, 3, 30000);
INSERT INTO transactions VALUES (91, 131, 6, 4, 40000);
INSERT INTO transactions VALUES (92, 144, 8, 1, 0);
INSERT INTO transactions VALUES (93, 277, 27, 4, 8000);
INSERT INTO transactions VALUES (94, 28, 60, 3, 15000);
INSERT INTO transactions VALUES (95, 131, 5, 2, 20000);
INSERT INTO transactions VALUES (96, 195, 14, 5, 5000);
INSERT INTO transactions VALUES (97, 172, 1, 2, 4000);
INSERT INTO transactions VALUES (98, 190, 33, 1, 1000);
INSERT INTO transactions VALUES (99, 136, 13, 1, 1000);
INSERT INTO transactions VALUES (100, 300, 34, 4, 20000);
INSERT INTO transactions VALUES (101, 64, 7, 5, 25000);
INSERT INTO transactions VALUES (102, 78, 10, 1, 1000);
INSERT INTO transactions VALUES (103, 247, 78, 4, 20000);
INSERT INTO transactions VALUES (104, 296, 67, 1, 10000);
INSERT INTO transactions VALUES (105, 53, 20, 4, 20000);
INSERT INTO transactions VALUES (106, 169, 18, 2, 10000);
INSERT INTO transactions VALUES (107, 49, 83, 5, 5000);
INSERT INTO transactions VALUES (108, 11, 53, 2, 10000);
INSERT INTO transactions VALUES (109, 245, 45, 3, 30000);
INSERT INTO transactions VALUES (110, 91, 35, 1, 2000);
INSERT INTO transactions VALUES (111, 284, 43, 3, 30000);
INSERT INTO transactions VALUES (112, 3, 30, 3, 6000);
INSERT INTO transactions VALUES (113, 105, 57, 5, 5000);
INSERT INTO transactions VALUES (114, 54, 43, 3, 6000);
INSERT INTO transactions VALUES (115, 102, 31, 2, 4000);
INSERT INTO transactions VALUES (116, 93, 92, 1, 1000);
INSERT INTO transactions VALUES (117, 50, 96, 4, 4000);
INSERT INTO transactions VALUES (118, 14, 91, 1, 1000);
INSERT INTO transactions VALUES (119, 81, 47, 3, 30000);
INSERT INTO transactions VALUES (120, 28, 55, 3, 30000);
INSERT INTO transactions VALUES (121, 275, 5, 1, 5000);
INSERT INTO transactions VALUES (122, 256, 16, 3, 30000);
INSERT INTO transactions VALUES (123, 124, 68, 1, 5000);
INSERT INTO transactions VALUES (124, 147, 92, 5, 25000);
INSERT INTO transactions VALUES (125, 172, 42, 5, 10000);
INSERT INTO transactions VALUES (126, 112, 5, 1, 2000);
INSERT INTO transactions VALUES (127, 54, 76, 4, 40000);
INSERT INTO transactions VALUES (128, 267, 39, 5, 50000);
INSERT INTO transactions VALUES (129, 98, 9, 4, 40000);
INSERT INTO transactions VALUES (130, 128, 45, 1, 10000);
INSERT INTO transactions VALUES (131, 142, 17, 1, 2000);
INSERT INTO transactions VALUES (132, 265, 36, 4, 8000);
INSERT INTO transactions VALUES (133, 162, 27, 3, 30000);
INSERT INTO transactions VALUES (134, 266, 70, 2, 20000);
INSERT INTO transactions VALUES (135, 82, 2, 2, 20000);
INSERT INTO transactions VALUES (136, 35, 69, 4, 40000);
INSERT INTO transactions VALUES (137, 137, 81, 4, 40000);
INSERT INTO transactions VALUES (138, 17, 71, 4, 8000);
INSERT INTO transactions VALUES (139, 89, 12, 5, 50000);
INSERT INTO transactions VALUES (140, 12, 85, 1, 2000);
INSERT INTO transactions VALUES (141, 132, 40, 3, 3000);
INSERT INTO transactions VALUES (142, 195, 95, 4, 4000);
INSERT INTO transactions VALUES (143, 14, 94, 2, 4000);
INSERT INTO transactions VALUES (144, 268, 48, 2, 20000);
INSERT INTO transactions VALUES (145, 205, 12, 3, 15000);
INSERT INTO transactions VALUES (146, 71, 6, 4, 20000);
INSERT INTO transactions VALUES (147, 144, 72, 4, 40000);
INSERT INTO transactions VALUES (148, 123, 94, 3, 6000);
INSERT INTO transactions VALUES (149, 264, 8, 3, 0);
INSERT INTO transactions VALUES (150, 36, 51, 1, 1000);
INSERT INTO transactions VALUES (151, 27, 11, 2, 20000);
INSERT INTO transactions VALUES (152, 38, 24, 3, 3000);
INSERT INTO transactions VALUES (153, 232, 22, 4, 40000);
INSERT INTO transactions VALUES (154, 146, 54, 5, 50000);
INSERT INTO transactions VALUES (155, 151, 26, 5, 25000);
INSERT INTO transactions VALUES (156, 184, 84, 5, 50000);
INSERT INTO transactions VALUES (157, 17, 34, 5, 5000);
INSERT INTO transactions VALUES (158, 275, 55, 4, 4000);
INSERT INTO transactions VALUES (159, 282, 21, 2, 4000);
INSERT INTO transactions VALUES (160, 188, 26, 5, 5000);
INSERT INTO transactions VALUES (161, 300, 91, 4, 8000);
INSERT INTO transactions VALUES (162, 181, 53, 1, 5000);
INSERT INTO transactions VALUES (163, 151, 83, 1, 2000);
INSERT INTO transactions VALUES (164, 113, 45, 5, 5000);
INSERT INTO transactions VALUES (165, 130, 63, 4, 4000);
INSERT INTO transactions VALUES (166, 95, 39, 1, 10000);
INSERT INTO transactions VALUES (167, 200, 40, 1, 10000);
INSERT INTO transactions VALUES (168, 17, 41, 1, 1000);
INSERT INTO transactions VALUES (169, 290, 97, 2, 10000);
INSERT INTO transactions VALUES (170, 292, 38, 4, 20000);
INSERT INTO transactions VALUES (171, 243, 23, 2, 10000);
INSERT INTO transactions VALUES (172, 250, 38, 5, 10000);
INSERT INTO transactions VALUES (173, 122, 34, 4, 20000);
INSERT INTO transactions VALUES (174, 74, 57, 2, 2000);
INSERT INTO transactions VALUES (175, 135, 33, 4, 8000);
INSERT INTO transactions VALUES (176, 15, 17, 2, 20000);
INSERT INTO transactions VALUES (177, 238, 13, 2, 4000);
INSERT INTO transactions VALUES (178, 251, 17, 2, 10000);
INSERT INTO transactions VALUES (179, 211, 89, 2, 2000);
INSERT INTO transactions VALUES (180, 146, 97, 5, 10000);
INSERT INTO transactions VALUES (181, 207, 70, 4, 20000);
INSERT INTO transactions VALUES (182, 294, 73, 5, 10000);
INSERT INTO transactions VALUES (183, 265, 93, 4, 8000);
INSERT INTO transactions VALUES (184, 108, 74, 2, 10000);
INSERT INTO transactions VALUES (185, 104, 95, 5, 5000);
INSERT INTO transactions VALUES (186, 192, 81, 2, 20000);
INSERT INTO transactions VALUES (187, 244, 48, 2, 20000);
INSERT INTO transactions VALUES (188, 187, 8, 5, 5000);
INSERT INTO transactions VALUES (189, 122, 79, 2, 20000);
INSERT INTO transactions VALUES (190, 54, 50, 5, 25000);
INSERT INTO transactions VALUES (191, 114, 37, 2, 10000);
INSERT INTO transactions VALUES (192, 89, 97, 2, 2000);
INSERT INTO transactions VALUES (193, 88, 65, 5, 50000);
INSERT INTO transactions VALUES (194, 130, 46, 4, 40000);
INSERT INTO transactions VALUES (195, 98, 25, 1, 0);
INSERT INTO transactions VALUES (196, 112, 90, 5, 50000);
INSERT INTO transactions VALUES (197, 220, 97, 3, 0);
INSERT INTO transactions VALUES (198, 286, 10, 5, 25000);
INSERT INTO transactions VALUES (199, 80, 86, 3, 3000);
INSERT INTO transactions VALUES (200, 291, 4, 3, 15000);
INSERT INTO transactions VALUES (201, 227, 39, 1, 10000);
INSERT INTO transactions VALUES (202, 63, 29, 4, 40000);
INSERT INTO transactions VALUES (203, 135, 45, 1, 10000);
INSERT INTO transactions VALUES (204, 135, 9, 4, 8000);
INSERT INTO transactions VALUES (205, 278, 2, 2, 10000);
INSERT INTO transactions VALUES (206, 162, 16, 3, 30000);
INSERT INTO transactions VALUES (207, 177, 26, 3, 30000);
INSERT INTO transactions VALUES (208, 155, 48, 3, 3000);
INSERT INTO transactions VALUES (209, 227, 89, 5, 5000);
INSERT INTO transactions VALUES (210, 143, 36, 1, 5000);
INSERT INTO transactions VALUES (211, 124, 80, 5, 25000);
INSERT INTO transactions VALUES (212, 293, 91, 4, 4000);
INSERT INTO transactions VALUES (213, 71, 49, 4, 8000);
INSERT INTO transactions VALUES (214, 228, 52, 1, 10000);
INSERT INTO transactions VALUES (215, 235, 43, 3, 6000);
INSERT INTO transactions VALUES (216, 49, 63, 1, 10000);
INSERT INTO transactions VALUES (217, 9, 1, 1, 2000);
INSERT INTO transactions VALUES (218, 231, 60, 2, 4000);
INSERT INTO transactions VALUES (219, 211, 48, 1, 2000);
INSERT INTO transactions VALUES (220, 54, 78, 1, 2000);
INSERT INTO transactions VALUES (221, 76, 55, 1, 2000);
INSERT INTO transactions VALUES (222, 161, 78, 1, 1000);
INSERT INTO transactions VALUES (223, 93, 63, 5, 5000);
INSERT INTO transactions VALUES (224, 195, 81, 5, 50000);
INSERT INTO transactions VALUES (225, 137, 60, 3, 3000);
INSERT INTO transactions VALUES (226, 136, 33, 3, 6000);
INSERT INTO transactions VALUES (227, 143, 66, 3, 6000);
INSERT INTO transactions VALUES (228, 28, 66, 2, 20000);
INSERT INTO transactions VALUES (229, 150, 73, 2, 4000);
INSERT INTO transactions VALUES (230, 132, 1, 5, 10000);
INSERT INTO transactions VALUES (231, 88, 67, 5, 50000);
INSERT INTO transactions VALUES (232, 235, 99, 3, 3000);
INSERT INTO transactions VALUES (233, 217, 43, 1, 2000);
INSERT INTO transactions VALUES (234, 15, 5, 5, 25000);
INSERT INTO transactions VALUES (235, 61, 49, 1, 2000);
INSERT INTO transactions VALUES (236, 99, 9, 4, 20000);
INSERT INTO transactions VALUES (237, 54, 80, 4, 4000);
INSERT INTO transactions VALUES (238, 211, 43, 1, 5000);
INSERT INTO transactions VALUES (239, 75, 71, 2, 10000);
INSERT INTO transactions VALUES (240, 202, 51, 3, 3000);
INSERT INTO transactions VALUES (241, 283, 94, 2, 10000);
INSERT INTO transactions VALUES (242, 6, 1, 4, 8000);
INSERT INTO transactions VALUES (243, 115, 98, 4, 4000);
INSERT INTO transactions VALUES (244, 22, 27, 5, 25000);
INSERT INTO transactions VALUES (245, 192, 25, 2, 4000);
INSERT INTO transactions VALUES (246, 101, 2, 5, 5000);
INSERT INTO transactions VALUES (247, 82, 30, 3, 3000);
INSERT INTO transactions VALUES (248, 177, 58, 2, 2000);
INSERT INTO transactions VALUES (249, 95, 52, 1, 5000);
INSERT INTO transactions VALUES (250, 163, 4, 4, 4000);
INSERT INTO transactions VALUES (251, 87, 27, 3, 6000);
INSERT INTO transactions VALUES (252, 206, 25, 4, 8000);
INSERT INTO transactions VALUES (253, 84, 6, 2, 20000);
INSERT INTO transactions VALUES (254, 89, 71, 2, 2000);
INSERT INTO transactions VALUES (255, 125, 55, 2, 20000);
INSERT INTO transactions VALUES (256, 90, 46, 5, 25000);
INSERT INTO transactions VALUES (257, 78, 94, 3, 6000);
INSERT INTO transactions VALUES (258, 165, 69, 1, 2000);
INSERT INTO transactions VALUES (259, 286, 69, 4, 0);
INSERT INTO transactions VALUES (260, 66, 37, 4, 20000);
INSERT INTO transactions VALUES (261, 173, 43, 3, 30000);
INSERT INTO transactions VALUES (262, 32, 61, 5, 5000);
INSERT INTO transactions VALUES (263, 277, 11, 2, 4000);
INSERT INTO transactions VALUES (264, 78, 100, 2, 2000);
INSERT INTO transactions VALUES (265, 136, 10, 4, 20000);
INSERT INTO transactions VALUES (266, 233, 49, 1, 5000);
INSERT INTO transactions VALUES (267, 92, 49, 5, 10000);
INSERT INTO transactions VALUES (268, 82, 28, 3, 30000);
INSERT INTO transactions VALUES (269, 238, 88, 5, 25000);
INSERT INTO transactions VALUES (270, 136, 23, 5, 5000);
INSERT INTO transactions VALUES (271, 140, 27, 3, 15000);
INSERT INTO transactions VALUES (272, 139, 43, 2, 10000);
INSERT INTO transactions VALUES (273, 231, 78, 5, 50000);
INSERT INTO transactions VALUES (274, 103, 95, 4, 8000);
INSERT INTO transactions VALUES (275, 189, 38, 5, 25000);
INSERT INTO transactions VALUES (276, 51, 48, 4, 40000);
INSERT INTO transactions VALUES (277, 8, 100, 2, 0);
INSERT INTO transactions VALUES (278, 188, 78, 4, 4000);
INSERT INTO transactions VALUES (279, 278, 96, 3, 3000);
INSERT INTO transactions VALUES (280, 288, 97, 1, 1000);
INSERT INTO transactions VALUES (281, 133, 14, 5, 25000);
INSERT INTO transactions VALUES (282, 46, 35, 5, 25000);
INSERT INTO transactions VALUES (283, 74, 86, 3, 15000);
INSERT INTO transactions VALUES (284, 281, 87, 3, 15000);
INSERT INTO transactions VALUES (285, 169, 74, 4, 8000);
INSERT INTO transactions VALUES (286, 160, 51, 4, 4000);
INSERT INTO transactions VALUES (287, 197, 14, 1, 2000);
INSERT INTO transactions VALUES (288, 256, 6, 1, 10000);
INSERT INTO transactions VALUES (289, 130, 48, 2, 4000);
INSERT INTO transactions VALUES (290, 33, 12, 5, 25000);
INSERT INTO transactions VALUES (291, 154, 67, 3, 3000);
INSERT INTO transactions VALUES (292, 187, 1, 3, 6000);
INSERT INTO transactions VALUES (293, 205, 8, 4, 4000);
INSERT INTO transactions VALUES (294, 279, 26, 1, 2000);
INSERT INTO transactions VALUES (295, 217, 77, 4, 4000);
INSERT INTO transactions VALUES (296, 100, 27, 3, 15000);
INSERT INTO transactions VALUES (297, 145, 30, 2, 2000);
INSERT INTO transactions VALUES (298, 83, 24, 1, 10000);
INSERT INTO transactions VALUES (299, 141, 43, 3, 30000);
INSERT INTO transactions VALUES (300, 220, 17, 1, 1000);
INSERT INTO transactions VALUES (301, 281, 87, 1, 1000);
INSERT INTO transactions VALUES (302, 262, 58, 5, 25000);
INSERT INTO transactions VALUES (303, 87, 12, 4, 0);
INSERT INTO transactions VALUES (304, 135, 72, 1, 2000);
INSERT INTO transactions VALUES (305, 111, 74, 4, 0);
INSERT INTO transactions VALUES (306, 175, 78, 1, 10000);
INSERT INTO transactions VALUES (307, 158, 84, 1, 10000);
INSERT INTO transactions VALUES (308, 155, 84, 4, 0);
INSERT INTO transactions VALUES (309, 237, 2, 3, 30000);
INSERT INTO transactions VALUES (310, 224, 100, 2, 2000);
INSERT INTO transactions VALUES (311, 74, 12, 1, 2000);
INSERT INTO transactions VALUES (312, 121, 88, 4, 40000);
INSERT INTO transactions VALUES (313, 14, 32, 2, 10000);
INSERT INTO transactions VALUES (314, 161, 20, 4, 20000);
INSERT INTO transactions VALUES (315, 32, 77, 2, 4000);
INSERT INTO transactions VALUES (316, 232, 37, 5, 5000);
INSERT INTO transactions VALUES (317, 244, 8, 1, 1000);
INSERT INTO transactions VALUES (318, 178, 43, 3, 3000);
INSERT INTO transactions VALUES (319, 279, 1, 4, 40000);
INSERT INTO transactions VALUES (320, 175, 18, 4, 8000);
INSERT INTO transactions VALUES (321, 110, 51, 3, 3000);
INSERT INTO transactions VALUES (322, 114, 100, 3, 15000);
INSERT INTO transactions VALUES (323, 40, 63, 3, 6000);
INSERT INTO transactions VALUES (324, 10, 49, 5, 0);
INSERT INTO transactions VALUES (325, 274, 63, 3, 15000);
INSERT INTO transactions VALUES (326, 230, 39, 2, 2000);
INSERT INTO transactions VALUES (327, 63, 65, 3, 15000);
INSERT INTO transactions VALUES (328, 170, 71, 5, 25000);
INSERT INTO transactions VALUES (329, 49, 63, 2, 2000);
INSERT INTO transactions VALUES (330, 86, 5, 5, 25000);
INSERT INTO transactions VALUES (331, 72, 92, 3, 15000);
INSERT INTO transactions VALUES (332, 211, 59, 2, 4000);
INSERT INTO transactions VALUES (333, 117, 82, 2, 20000);
INSERT INTO transactions VALUES (334, 245, 29, 5, 10000);
INSERT INTO transactions VALUES (335, 150, 13, 2, 20000);
INSERT INTO transactions VALUES (336, 237, 3, 5, 50000);
INSERT INTO transactions VALUES (337, 150, 98, 2, 20000);
INSERT INTO transactions VALUES (338, 170, 71, 5, 50000);
INSERT INTO transactions VALUES (339, 167, 32, 5, 50000);
INSERT INTO transactions VALUES (340, 48, 66, 2, 10000);
INSERT INTO transactions VALUES (341, 299, 50, 4, 8000);
INSERT INTO transactions VALUES (342, 164, 36, 4, 4000);
INSERT INTO transactions VALUES (343, 222, 96, 3, 15000);
INSERT INTO transactions VALUES (344, 69, 85, 3, 30000);
INSERT INTO transactions VALUES (345, 231, 86, 2, 2000);
INSERT INTO transactions VALUES (346, 276, 93, 1, 10000);
INSERT INTO transactions VALUES (347, 87, 50, 1, 1000);
INSERT INTO transactions VALUES (348, 36, 97, 3, 6000);
INSERT INTO transactions VALUES (349, 40, 40, 5, 0);
INSERT INTO transactions VALUES (350, 200, 53, 1, 10000);
INSERT INTO transactions VALUES (351, 249, 63, 1, 1000);
INSERT INTO transactions VALUES (352, 299, 71, 1, 5000);
INSERT INTO transactions VALUES (353, 105, 31, 3, 6000);
INSERT INTO transactions VALUES (354, 173, 5, 3, 30000);
INSERT INTO transactions VALUES (355, 45, 65, 4, 40000);
INSERT INTO transactions VALUES (356, 199, 13, 3, 6000);
INSERT INTO transactions VALUES (357, 117, 10, 4, 40000);
INSERT INTO transactions VALUES (358, 272, 69, 3, 30000);
INSERT INTO transactions VALUES (359, 87, 23, 2, 20000);
INSERT INTO transactions VALUES (360, 101, 82, 5, 25000);
INSERT INTO transactions VALUES (361, 110, 40, 5, 25000);
INSERT INTO transactions VALUES (362, 76, 71, 2, 10000);
INSERT INTO transactions VALUES (363, 173, 46, 2, 20000);
INSERT INTO transactions VALUES (364, 79, 7, 1, 10000);
INSERT INTO transactions VALUES (365, 33, 82, 3, 15000);
INSERT INTO transactions VALUES (366, 230, 9, 4, 40000);
INSERT INTO transactions VALUES (367, 8, 48, 4, 8000);
INSERT INTO transactions VALUES (368, 190, 52, 5, 0);
INSERT INTO transactions VALUES (369, 217, 31, 1, 2000);
INSERT INTO transactions VALUES (370, 145, 100, 1, 1000);
INSERT INTO transactions VALUES (371, 51, 75, 2, 20000);
INSERT INTO transactions VALUES (372, 278, 28, 2, 10000);
INSERT INTO transactions VALUES (373, 7, 44, 4, 40000);
INSERT INTO transactions VALUES (374, 223, 36, 1, 1000);
INSERT INTO transactions VALUES (375, 106, 20, 5, 10000);
INSERT INTO transactions VALUES (376, 261, 98, 3, 30000);
INSERT INTO transactions VALUES (377, 47, 80, 3, 15000);
INSERT INTO transactions VALUES (378, 206, 34, 2, 4000);
INSERT INTO transactions VALUES (379, 16, 33, 2, 20000);
INSERT INTO transactions VALUES (380, 233, 28, 3, 15000);
INSERT INTO transactions VALUES (381, 228, 92, 5, 5000);
INSERT INTO transactions VALUES (382, 171, 20, 4, 40000);
INSERT INTO transactions VALUES (383, 135, 92, 5, 25000);
INSERT INTO transactions VALUES (384, 68, 75, 2, 20000);
INSERT INTO transactions VALUES (385, 205, 58, 2, 10000);
INSERT INTO transactions VALUES (386, 122, 51, 5, 25000);
INSERT INTO transactions VALUES (387, 55, 50, 2, 20000);
INSERT INTO transactions VALUES (388, 221, 31, 5, 50000);
INSERT INTO transactions VALUES (389, 130, 59, 1, 5000);
INSERT INTO transactions VALUES (390, 254, 6, 4, 4000);
INSERT INTO transactions VALUES (391, 243, 6, 4, 20000);
INSERT INTO transactions VALUES (392, 240, 20, 5, 25000);
INSERT INTO transactions VALUES (393, 187, 93, 3, 15000);
INSERT INTO transactions VALUES (394, 263, 30, 3, 15000);
INSERT INTO transactions VALUES (395, 158, 40, 5, 5000);
INSERT INTO transactions VALUES (396, 17, 72, 2, 10000);
INSERT INTO transactions VALUES (397, 71, 62, 4, 8000);
INSERT INTO transactions VALUES (398, 268, 84, 5, 25000);
INSERT INTO transactions VALUES (399, 170, 32, 5, 10000);
INSERT INTO transactions VALUES (400, 116, 10, 3, 30000);
INSERT INTO transactions VALUES (401, 54, 38, 4, 20000);
INSERT INTO transactions VALUES (402, 85, 45, 5, 5000);
INSERT INTO transactions VALUES (403, 254, 76, 1, 5000);
INSERT INTO transactions VALUES (404, 47, 73, 4, 4000);
INSERT INTO transactions VALUES (405, 125, 44, 4, 4000);
INSERT INTO transactions VALUES (406, 26, 96, 5, 50000);
INSERT INTO transactions VALUES (407, 14, 11, 4, 8000);
INSERT INTO transactions VALUES (408, 283, 70, 4, 40000);
INSERT INTO transactions VALUES (409, 96, 12, 4, 8000);
INSERT INTO transactions VALUES (410, 157, 58, 3, 30000);
INSERT INTO transactions VALUES (411, 280, 21, 2, 4000);
INSERT INTO transactions VALUES (412, 133, 22, 1, 5000);
INSERT INTO transactions VALUES (413, 215, 51, 4, 20000);
INSERT INTO transactions VALUES (414, 77, 61, 4, 8000);
INSERT INTO transactions VALUES (415, 64, 87, 3, 30000);
INSERT INTO transactions VALUES (416, 229, 27, 3, 15000);
INSERT INTO transactions VALUES (417, 53, 8, 4, 20000);
INSERT INTO transactions VALUES (418, 151, 96, 2, 10000);
INSERT INTO transactions VALUES (419, 112, 15, 1, 10000);
INSERT INTO transactions VALUES (420, 260, 19, 1, 0);
INSERT INTO transactions VALUES (421, 85, 76, 2, 20000);
INSERT INTO transactions VALUES (422, 200, 91, 2, 2000);
INSERT INTO transactions VALUES (423, 203, 65, 1, 5000);
INSERT INTO transactions VALUES (424, 231, 75, 2, 10000);
INSERT INTO transactions VALUES (425, 275, 57, 3, 30000);
INSERT INTO transactions VALUES (426, 146, 2, 1, 2000);
INSERT INTO transactions VALUES (427, 276, 48, 4, 8000);
INSERT INTO transactions VALUES (428, 191, 82, 5, 25000);
INSERT INTO transactions VALUES (429, 137, 47, 5, 50000);
INSERT INTO transactions VALUES (430, 193, 18, 3, 30000);
INSERT INTO transactions VALUES (431, 280, 88, 1, 1000);
INSERT INTO transactions VALUES (432, 129, 50, 1, 10000);
INSERT INTO transactions VALUES (433, 9, 53, 1, 5000);
INSERT INTO transactions VALUES (434, 279, 19, 1, 5000);
INSERT INTO transactions VALUES (435, 23, 18, 3, 6000);
INSERT INTO transactions VALUES (436, 299, 73, 2, 2000);
INSERT INTO transactions VALUES (437, 99, 67, 3, 30000);
INSERT INTO transactions VALUES (438, 271, 89, 5, 10000);
INSERT INTO transactions VALUES (439, 26, 16, 4, 40000);
INSERT INTO transactions VALUES (440, 145, 84, 1, 10000);
INSERT INTO transactions VALUES (441, 153, 100, 1, 2000);
INSERT INTO transactions VALUES (442, 102, 9, 5, 5000);
INSERT INTO transactions VALUES (443, 254, 42, 4, 20000);
INSERT INTO transactions VALUES (444, 174, 88, 5, 5000);
INSERT INTO transactions VALUES (445, 39, 74, 5, 50000);
INSERT INTO transactions VALUES (446, 150, 52, 2, 10000);
INSERT INTO transactions VALUES (447, 217, 77, 1, 2000);
INSERT INTO transactions VALUES (448, 176, 88, 4, 20000);
INSERT INTO transactions VALUES (449, 119, 60, 2, 20000);
INSERT INTO transactions VALUES (450, 88, 27, 2, 4000);
INSERT INTO transactions VALUES (451, 52, 61, 3, 6000);
INSERT INTO transactions VALUES (452, 212, 50, 1, 1000);
INSERT INTO transactions VALUES (453, 72, 76, 2, 10000);
INSERT INTO transactions VALUES (454, 54, 97, 1, 5000);
INSERT INTO transactions VALUES (455, 206, 66, 3, 30000);
INSERT INTO transactions VALUES (456, 176, 28, 5, 5000);
INSERT INTO transactions VALUES (457, 241, 79, 2, 2000);
INSERT INTO transactions VALUES (458, 296, 75, 3, 6000);
INSERT INTO transactions VALUES (459, 181, 49, 3, 15000);
INSERT INTO transactions VALUES (460, 278, 55, 4, 20000);
INSERT INTO transactions VALUES (461, 105, 8, 5, 10000);
INSERT INTO transactions VALUES (462, 24, 3, 1, 1000);
INSERT INTO transactions VALUES (463, 11, 31, 2, 0);
INSERT INTO transactions VALUES (464, 261, 19, 5, 5000);
INSERT INTO transactions VALUES (465, 76, 72, 4, 20000);
INSERT INTO transactions VALUES (466, 241, 47, 1, 1000);
INSERT INTO transactions VALUES (467, 121, 45, 5, 10000);
INSERT INTO transactions VALUES (468, 238, 18, 5, 0);
INSERT INTO transactions VALUES (469, 120, 38, 4, 20000);
INSERT INTO transactions VALUES (470, 55, 51, 4, 8000);
INSERT INTO transactions VALUES (471, 9, 55, 5, 50000);
INSERT INTO transactions VALUES (472, 169, 45, 1, 1000);
INSERT INTO transactions VALUES (473, 175, 45, 5, 50000);
INSERT INTO transactions VALUES (474, 157, 85, 4, 4000);
INSERT INTO transactions VALUES (475, 232, 86, 5, 50000);
INSERT INTO transactions VALUES (476, 190, 100, 4, 8000);
INSERT INTO transactions VALUES (477, 93, 25, 1, 5000);
INSERT INTO transactions VALUES (478, 29, 37, 2, 10000);
INSERT INTO transactions VALUES (479, 42, 33, 4, 8000);
INSERT INTO transactions VALUES (480, 185, 62, 5, 50000);
INSERT INTO transactions VALUES (481, 111, 59, 3, 30000);
INSERT INTO transactions VALUES (482, 230, 2, 3, 3000);
INSERT INTO transactions VALUES (483, 124, 67, 5, 25000);
INSERT INTO transactions VALUES (484, 221, 93, 3, 15000);
INSERT INTO transactions VALUES (485, 26, 97, 2, 2000);
INSERT INTO transactions VALUES (486, 14, 58, 4, 20000);
INSERT INTO transactions VALUES (487, 279, 26, 3, 30000);
INSERT INTO transactions VALUES (488, 146, 88, 2, 10000);
INSERT INTO transactions VALUES (489, 250, 79, 4, 40000);
INSERT INTO transactions VALUES (490, 19, 19, 2, 20000);
INSERT INTO transactions VALUES (491, 89, 24, 3, 15000);
INSERT INTO transactions VALUES (492, 261, 16, 5, 5000);
INSERT INTO transactions VALUES (493, 269, 21, 2, 20000);
INSERT INTO transactions VALUES (494, 208, 56, 5, 25000);
INSERT INTO transactions VALUES (495, 41, 43, 1, 2000);
INSERT INTO transactions VALUES (496, 294, 77, 5, 5000);
INSERT INTO transactions VALUES (497, 112, 98, 4, 40000);
INSERT INTO transactions VALUES (498, 31, 97, 1, 10000);
INSERT INTO transactions VALUES (499, 242, 34, 5, 5000);
INSERT INTO transactions VALUES (500, 134, 67, 2, 20000);